DATE,OPEN
01/02/1990,17.24
01/03/1990,18.19
01/04/1990,19.22
01/05/1990,20.11
01/08/1990,20.26
01/09/1990,22.2
01/10/1990,22.44
01/11/1990,20.05
01/12/1990,24.64
01/15/1990,26.34
01/16/1990,24.18
01/17/1990,24.16
01/18/1990,24.34
01/19/1990,22.5
01/22/1990,26.7
01/23/1990,24.72
01/24/1990,25.39
01/25/1990,25.63
01/26/1990,26.28
01/29/1990,26.44
01/30/1990,27.25
01/31/1990,25.36
02/01/1990,24.87
02/02/1990,24.32
02/05/1990,24.54
02/06/1990,24.69
02/07/1990,24.29
02/08/1990,23.77
02/09/1990,23.69
02/12/1990,24.38
02/13/1990,23.76
02/14/1990,22.05
02/15/1990,19.71
02/16/1990,20.78
02/20/1990,22.78
02/21/1990,23.89
02/22/1990,22.54
02/23/1990,23.69
02/26/1990,23.56
02/27/1990,22.69
02/28/1990,21.99
03/01/1990,21.9
03/02/1990,21.34
03/05/1990,22.03
03/06/1990,20.55
03/07/1990,19.1
03/08/1990,19.74
03/09/1990,20.3
03/12/1990,20.07
03/13/1990,21.05
03/14/1990,19.65
03/15/1990,18.81
03/16/1990,17.62
03/19/1990,18.29
03/20/1990,19.06
03/21/1990,20.1
03/22/1990,22.74
03/23/1990,20.46
03/26/1990,19.59
03/27/1990,21.01
03/28/1990,19.77
03/29/1990,18.46
03/30/1990,19.73
04/02/1990,22.84
04/03/1990,20.44
04/04/1990,22.03
04/05/1990,21.21
04/06/1990,21.76
04/09/1990,22.3
04/10/1990,21.69
04/11/1990,17.73
04/12/1990,19.8
04/16/1990,20.75
04/17/1990,20.38
04/18/1990,22.67
04/19/1990,22.46
04/20/1990,23.33
04/23/1990,24.16
04/24/1990,21.7
04/25/1990,20.86
04/26/1990,20.25
04/27/1990,22.19
04/30/1990,19.52
05/01/1990,18.43
05/02/1990,19.32
05/03/1990,17.81
05/04/1990,17.28
05/07/1990,17.65
05/08/1990,18.49
05/09/1990,18.64
05/10/1990,18.59
05/11/1990,19.81
05/14/1990,20.14
05/15/1990,19.49
05/16/1990,17.71
05/17/1990,17.27
05/18/1990,17.2
05/21/1990,16.72
05/22/1990,17.84
05/23/1990,17.18
05/24/1990,17.7
05/25/1990,17.32
05/29/1990,18.75
05/30/1990,17.44
05/31/1990,17.37
06/01/1990,17.09
06/04/1990,18.39
06/05/1990,18.97
06/06/1990,17.42
06/07/1990,16.88
06/08/1990,17.58
06/11/1990,16.34
06/12/1990,16.6
06/13/1990,17.38
06/14/1990,17.4
06/15/1990,15.9
06/18/1990,17.71
06/19/1990,15.23
06/20/1990,15.27
06/21/1990,14.72
06/22/1990,19.36
06/25/1990,17.06
06/26/1990,16.29
06/27/1990,16
06/28/1990,16.18
06/29/1990,15.5
07/02/1990,16.26
07/03/1990,16.11
07/05/1990,17.25
07/06/1990,16.41
07/09/1990,16.66
07/10/1990,16.92
07/11/1990,16.68
07/12/1990,17.06
07/13/1990,17.09
07/16/1990,16.75
07/17/1990,16.66
07/18/1990,18.9
07/19/1990,18.56
07/20/1990,15.63
07/23/1990,23.68
07/24/1990,21.79
07/25/1990,20.19
07/26/1990,20.26
07/27/1990,21.12
07/30/1990,21.16
07/31/1990,21.11
08/01/1990,21.64
08/02/1990,20.43
08/03/1990,28.74
08/06/1990,35.91
08/07/1990,32.75
08/08/1990,28.27
08/09/1990,24.39
08/10/1990,25.75
08/13/1990,25.74
08/14/1990,24.18
08/15/1990,23.31
08/16/1990,27.16
08/17/1990,27.53
08/20/1990,26.46
08/21/1990,28.9
08/22/1990,30.55
08/23/1990,36.47
08/24/1990,33.93
08/27/1990,29.63
08/28/1990,29.12
08/29/1990,27.38
08/30/1990,29.89
08/31/1990,29.9
09/04/1990,29.58
09/05/1990,28.52
09/06/1990,30.19
09/07/1990,28.73
09/10/1990,29.34
09/11/1990,28.38
09/12/1990,28.12
09/13/1990,29.33
09/14/1990,30.56
09/17/1990,29.55
09/18/1990,28.82
09/19/1990,27.88
09/20/1990,28.66
09/21/1990,30.04
09/24/1990,30.56
09/25/1990,28.81
09/26/1990,28.19
09/27/1990,28.67
09/28/1990,29.11
10/01/1990,28.06
10/02/1990,27.28
10/03/1990,27.9
10/04/1990,27.51
10/05/1990,27.85
10/08/1990,28.04
10/09/1990,30.71
10/10/1990,31.19
10/11/1990,33.98
10/12/1990,31.94
10/15/1990,31.64
10/16/1990,31.45
10/17/1990,31.37
10/18/1990,29.6
10/19/1990,27.86
10/22/1990,27.27
10/23/1990,27.57
10/24/1990,28.28
10/25/1990,29.04
10/26/1990,30.75
10/29/1990,31.54
10/30/1990,30.52
10/31/1990,30.04
11/01/1990,30.25
11/02/1990,30.03
11/05/1990,29.85
11/06/1990,29.11
11/07/1990,30.87
11/08/1990,30.79
11/09/1990,26.96
11/12/1990,25.6
11/13/1990,24.58
11/14/1990,22.89
11/15/1990,22.57
11/16/1990,21.34
11/19/1990,20.95
11/20/1990,20.09
11/21/1990,21.09
11/23/1990,20.98
11/26/1990,22.76
11/27/1990,22.86
11/28/1990,22.96
11/29/1990,23.91
11/30/1990,22.16
12/03/1990,22.29
12/04/1990,22.03
12/05/1990,20.94
12/06/1990,22.62
12/07/1990,22.59
12/10/1990,23.58
12/11/1990,23.75
12/12/1990,21.28
12/13/1990,23.05
12/14/1990,23.85
12/17/1990,24.85
12/18/1990,23.11
12/19/1990,23.08
12/20/1990,23.13
12/21/1990,22.66
12/24/1990,24.03
12/26/1990,24.18
12/27/1990,24.81
12/28/1990,25.05
12/31/1990,26.38
01/02/1991,26.62
01/03/1991,27.93
01/04/1991,27.19
01/07/1991,28.95
01/08/1991,30.38
01/09/1991,33.3
01/10/1991,31.33
01/11/1991,32.63
01/14/1991,36.2
01/15/1991,36.16
01/16/1991,33.2
01/17/1991,27.45
01/18/1991,25.39
01/21/1991,24.33
01/22/1991,24.9
01/23/1991,23.92
01/24/1991,22.86
01/25/1991,22.2
01/28/1991,23.05
01/29/1991,23.17
01/30/1991,21.37
01/31/1991,20.91
02/01/1991,21.04
02/04/1991,21.86
02/05/1991,21.46
02/06/1991,22.68
02/07/1991,23.6
02/08/1991,23.38
02/11/1991,22.56
02/12/1991,22.26
02/13/1991,20.86
02/14/1991,21.48
02/15/1991,19.57
02/19/1991,19.84
02/20/1991,22.26
02/21/1991,20.78
02/22/1991,21.01
02/25/1991,22.86
02/26/1991,20.38
02/27/1991,21.26
02/28/1991,21.23
03/04/1991,20.86
03/05/1991,20.45
03/06/1991,20.55
03/07/1991,21.05
03/08/1991,20.81
03/11/1991,20.88
03/12/1991,18.82
03/13/1991,16.09
03/14/1991,14.94
03/15/1991,14.9
03/18/1991,15.79
03/19/1991,16.11
03/20/1991,16.04
03/21/1991,16.86
03/22/1991,16.49
03/25/1991,16.76
03/26/1991,16.31
03/27/1991,16.55
03/28/1991,16.88
04/01/1991,17.42
04/02/1991,17.4
04/03/1991,17.61
04/04/1991,18.01
04/05/1991,17.63
04/08/1991,17.41
04/09/1991,20.12
04/10/1991,19.73
04/11/1991,17.24
04/12/1991,18.45
04/15/1991,16.5
04/16/1991,15.82
04/17/1991,15.47
04/18/1991,16.26
04/19/1991,15.68
04/22/1991,16.78
04/23/1991,17.02
04/24/1991,16.72
04/25/1991,17.15
04/26/1991,17.27
04/29/1991,18.27
04/30/1991,18.24
05/01/1991,17.77
05/02/1991,17.52
05/03/1991,17.24
05/06/1991,17.92
05/07/1991,17.46
05/08/1991,17.78
05/09/1991,17.17
05/10/1991,17.54
05/13/1991,17.66
05/14/1991,18
05/15/1991,18.38
05/16/1991,17.24
05/17/1991,16.64
05/20/1991,17.1
05/21/1991,16.07
05/22/1991,16.16
05/23/1991,16.11
05/24/1991,15.23
05/28/1991,15.67
05/29/1991,15.9
05/30/1991,16.02
05/31/1991,15.93
06/03/1991,16.87
06/04/1991,16.17
06/05/1991,16.4
06/06/1991,16.93
06/07/1991,16.98
06/10/1991,17.47
06/11/1991,17.32
06/12/1991,17.72
06/13/1991,16.99
06/14/1991,15.98
06/17/1991,15.5
06/18/1991,16.14
06/19/1991,17.44
06/20/1991,16.75
06/21/1991,16.51
06/24/1991,18.28
06/25/1991,17.85
06/26/1991,17.98
06/27/1991,17.87
06/28/1991,19.55
07/01/1991,18.64
07/02/1991,17.63
07/03/1991,19.47
07/05/1991,18.35
07/08/1991,20.29
07/09/1991,19.76
07/10/1991,19.19
07/11/1991,17.39
07/12/1991,18.29
07/15/1991,17.78
07/16/1991,17.49
07/17/1991,17.52
07/18/1991,15.77
07/19/1991,15.5
07/22/1991,16.9
07/23/1991,16.58
07/24/1991,16.41
07/25/1991,15.74
07/26/1991,15.45
07/29/1991,15.67
07/30/1991,15.47
07/31/1991,15.18
08/01/1991,15.47
08/02/1991,15.26
08/05/1991,15.92
08/06/1991,15.54
08/07/1991,15.56
08/08/1991,15.98
08/09/1991,15.45
08/12/1991,15.26
08/13/1991,14.73
08/14/1991,15.09
08/15/1991,15.19
08/16/1991,16.01
08/19/1991,21.19
08/20/1991,18.86
08/21/1991,15.62
08/22/1991,14.59
08/23/1991,14.41
08/26/1991,14.81
08/27/1991,15.46
08/28/1991,15.31
08/29/1991,14.82
08/30/1991,14.46
09/03/1991,16.57
09/04/1991,17.18
09/05/1991,17.31
09/06/1991,16.76
09/09/1991,17.73
09/10/1991,18.22
09/11/1991,17.96
09/12/1991,16.21
09/13/1991,17.88
09/16/1991,17.82
09/17/1991,17.68
09/18/1991,17.56
09/19/1991,17.56
09/20/1991,17.08
09/23/1991,16.38
09/24/1991,16.04
09/25/1991,15.68
09/26/1991,15.35
09/27/1991,16.31
09/30/1991,15.85
10/01/1991,14.81
10/02/1991,15.81
10/03/1991,17.04
10/04/1991,15.63
10/07/1991,18.58
10/08/1991,17.81
10/09/1991,18.54
10/10/1991,17.8
10/11/1991,17.6
10/14/1991,16.71
10/15/1991,16.22
10/16/1991,14.85
10/17/1991,16.32
10/18/1991,15.87
10/21/1991,16.66
10/22/1991,16.55
10/23/1991,16.26
10/24/1991,15.62
10/25/1991,15.75
10/28/1991,15.45
10/29/1991,15.55
10/30/1991,15.46
10/31/1991,15.48
11/01/1991,15.6
11/04/1991,16.35
11/05/1991,16.48
11/06/1991,16.47
11/07/1991,15.97
11/08/1991,15.43
11/11/1991,14.89
11/12/1991,14.04
11/13/1991,13.95
11/14/1991,13.96
11/15/1991,21.18
11/18/1991,18.28
11/19/1991,20.34
11/20/1991,20.4
11/21/1991,19.11
11/22/1991,21.2
11/25/1991,21.92
11/26/1991,19.8
11/27/1991,19.84
11/29/1991,20.26
12/02/1991,20.18
12/03/1991,19.7
12/04/1991,19.54
12/05/1991,20.19
12/06/1991,19.04
12/09/1991,19.74
12/10/1991,19.89
12/11/1991,20.57
12/12/1991,19.08
12/13/1991,17.88
12/16/1991,17.62
12/17/1991,18.12
12/18/1991,17.78
12/19/1991,17.96
12/20/1991,17.65
12/23/1991,16.61
12/24/1991,15.67
12/26/1991,15.44
12/27/1991,15.7
12/30/1991,17.63
12/31/1991,19.31
01/02/1992,19.69
01/03/1992,17.04
01/06/1992,16.23
01/07/1992,20.3
01/08/1992,17.53
01/09/1992,17.58
01/10/1992,18.5
01/13/1992,19.05
01/14/1992,17.73
01/15/1992,17.81
01/16/1992,18.43
01/17/1992,16.59
01/20/1992,16.57
01/21/1992,16.74
01/22/1992,17.54
01/23/1992,15.48
01/24/1992,16.23
01/27/1992,16.15
01/28/1992,17.07
01/29/1992,16.57
01/30/1992,16.87
01/31/1992,14.16
02/03/1992,17.08
02/04/1992,17.16
02/05/1992,18.15
02/06/1992,18.8
02/07/1992,18.43
02/10/1992,19.24
02/11/1992,19.24
02/12/1992,18.22
02/13/1992,15.42
02/14/1992,17.52
02/18/1992,17.79
02/19/1992,17.79
02/20/1992,15.66
02/21/1992,15.75
02/24/1992,17.47
02/25/1992,15.86
02/26/1992,15.66
02/27/1992,16.97
02/28/1992,15.34
03/02/1992,17.44
03/03/1992,17.36
03/04/1992,17.82
03/05/1992,18.57
03/06/1992,18.25
03/09/1992,20.67
03/10/1992,19.62
03/11/1992,19.23
03/12/1992,19.47
03/13/1992,18.39
03/16/1992,19.13
03/17/1992,17.78
03/18/1992,16.95
03/19/1992,16.73
03/20/1992,16.73
03/23/1992,17.63
03/24/1992,16.27
03/25/1992,16.41
03/26/1992,16.55
03/27/1992,15.88
03/30/1992,16.43
03/31/1992,16.45
04/01/1992,16.93
04/02/1992,16.25
04/03/1992,18.22
04/06/1992,17.18
04/07/1992,17.26
04/08/1992,20.06
04/09/1992,18.95
04/10/1992,17.39
04/13/1992,17.42
04/14/1992,16.82
04/15/1992,16.36
04/16/1992,15.17
04/20/1992,16.15
04/21/1992,16
04/22/1992,16.03
04/23/1992,16.1
04/24/1992,15.73
04/27/1992,16.93
04/28/1992,16.56
04/29/1992,16.38
04/30/1992,15.86
05/01/1992,14.87
05/04/1992,16.7
05/05/1992,15.56
05/06/1992,16.11
05/07/1992,15.8
05/08/1992,16.18
05/11/1992,15.87
05/12/1992,15.4
05/13/1992,15.88
05/14/1992,14.38
05/15/1992,14.38
05/18/1992,15.17
05/19/1992,13.95
05/20/1992,12.98
05/21/1992,14.01
05/22/1992,14.03
05/26/1992,13.93
05/27/1992,13.84
05/28/1992,14.25
05/29/1992,12.77
06/01/1992,14.47
06/02/1992,12.92
06/03/1992,13.24
06/04/1992,13.21
06/05/1992,14.57
06/08/1992,15.6
06/09/1992,15.28
06/10/1992,15.9
06/11/1992,16.91
06/12/1992,15.37
06/15/1992,16.11
06/16/1992,15.12
06/17/1992,15.76
06/18/1992,18.23
06/19/1992,17.43
06/22/1992,14.66
06/23/1992,14.27
06/24/1992,14.26
06/25/1992,13.93
06/26/1992,14.13
06/29/1992,13.94
06/30/1992,13.66
07/01/1992,13.43
07/02/1992,12.69
07/06/1992,14.27
07/07/1992,14.03
07/08/1992,14.17
07/09/1992,14.34
07/10/1992,13.93
07/13/1992,12.47
07/14/1992,14.26
07/15/1992,12.41
07/16/1992,12.13
07/17/1992,13.15
07/20/1992,13.54
07/21/1992,12.2
07/22/1992,11.36
07/23/1992,13.33
07/24/1992,12.25
07/27/1992,13.34
07/28/1992,11.5
07/29/1992,12.21
07/30/1992,13.45
07/31/1992,12.55
08/03/1992,14.05
08/04/1992,13.34
08/05/1992,12.41
08/06/1992,12.4
08/07/1992,13.93
08/10/1992,13.87
08/11/1992,15.32
08/12/1992,14.28
08/13/1992,13.45
08/14/1992,15.63
08/17/1992,14.32
08/18/1992,14.67
08/19/1992,14.67
08/20/1992,14.37
08/21/1992,13.74
08/24/1992,13.74
08/25/1992,14.87
08/26/1992,14.05
08/27/1992,14.05
08/28/1992,12.57
08/31/1992,12.66
09/01/1992,11.87
09/02/1992,12.69
09/03/1992,10.77
09/04/1992,12.92
09/08/1992,13.36
09/09/1992,13.03
09/10/1992,12.64
09/11/1992,12.39
09/14/1992,13.37
09/15/1992,11.53
09/16/1992,11.53
09/17/1992,13.61
09/18/1992,13.61
09/21/1992,12.99
09/22/1992,13.57
09/23/1992,13.72
09/24/1992,13.76
09/25/1992,13.77
09/28/1992,15.42
09/29/1992,15.23
09/30/1992,13.96
10/01/1992,15.44
10/02/1992,15.33
10/05/1992,19.77
10/06/1992,20.37
10/07/1992,19.07
10/08/1992,19.57
10/09/1992,19.57
10/12/1992,20.61
10/13/1992,16.84
10/14/1992,15.77
10/15/1992,18.11
10/16/1992,15.8
10/19/1992,16.89
10/20/1992,16
10/21/1992,17.08
10/22/1992,15.83
10/23/1992,17.11
10/26/1992,16.93
10/27/1992,16.33
10/28/1992,16.33
10/29/1992,15.68
10/30/1992,15.9
11/02/1992,17.02
11/03/1992,16.01
11/04/1992,16.33
11/05/1992,16.1
11/06/1992,15.66
11/09/1992,15.66
11/10/1992,14.51
11/11/1992,14.6
11/12/1992,16.36
11/13/1992,14.8
11/16/1992,14.68
11/17/1992,15.74
11/18/1992,14.98
11/19/1992,14.98
11/20/1992,14.98
11/23/1992,12.93
11/24/1992,12.54
11/25/1992,12.48
11/27/1992,11.63
11/30/1992,11.38
12/01/1992,12.94
12/02/1992,12.06
12/03/1992,12.09
12/04/1992,11.69
12/07/1992,12
12/08/1992,10.29
12/09/1992,10.29
12/10/1992,12.36
12/11/1992,12.36
12/14/1992,12.61
12/15/1992,12.61
12/16/1992,12.61
12/17/1992,12.03
12/18/1992,12.03
12/21/1992,12.03
12/22/1992,10.57
12/23/1992,10.57
12/24/1992,11.5
12/28/1992,12.67
12/29/1992,12.27
12/30/1992,12.14
12/31/1992,11.87
01/04/1993,12.96
01/05/1993,12.99
01/06/1993,12.88
01/07/1993,12.9
01/08/1993,13.75
01/11/1993,13.27
01/12/1993,11.82
01/13/1993,13.02
01/14/1993,12.29
01/15/1993,11.9
01/18/1993,12.15
01/19/1993,11.64
01/20/1993,12.21
01/21/1993,12.41
01/22/1993,11.63
01/25/1993,11.42
01/26/1993,11.08
01/27/1993,11.66
01/28/1993,12.08
01/29/1993,12.49
02/01/1993,12.51
02/02/1993,12.47
02/03/1993,11.98
02/04/1993,11.86
02/05/1993,12.56
02/08/1993,13.15
02/09/1993,13.63
02/10/1993,13.58
02/11/1993,13.05
02/12/1993,13.58
02/16/1993,13.44
02/17/1993,15.96
02/18/1993,14.69
02/19/1993,15.74
02/22/1993,15.03
02/23/1993,15.1
02/24/1993,14
02/25/1993,12.99
02/26/1993,13.47
03/01/1993,13.13
03/02/1993,13.76
03/03/1993,13.14
03/04/1993,12.52
03/05/1993,13.2
03/08/1993,15
03/09/1993,14.02
03/10/1993,14.63
03/11/1993,13.97
03/12/1993,15.6
03/15/1993,15.01
03/16/1993,13.05
03/17/1993,15.06
03/18/1993,14.33
03/19/1993,14.33
03/22/1993,13.97
03/23/1993,12.71
03/24/1993,12.23
03/25/1993,12.71
03/26/1993,10.66
03/29/1993,13.04
03/30/1993,12.58
03/31/1993,12.29
04/01/1993,13.04
04/02/1993,14.27
04/05/1993,14.43
04/06/1993,13.73
04/07/1993,13.75
04/08/1993,12.33
04/12/1993,12.33
04/13/1993,12.59
04/14/1993,12.33
04/15/1993,11.96
04/16/1993,11.11
04/19/1993,11.11
04/20/1993,11.82
04/21/1993,12.41
04/22/1993,11.58
04/23/1993,13.2
04/26/1993,14.06
04/27/1993,15.39
04/28/1993,15.39
04/29/1993,13.24
04/30/1993,11.26
05/03/1993,13.25
05/04/1993,13.05
05/05/1993,12.12
05/06/1993,12.83
05/07/1993,12.93
05/10/1993,13.42
05/11/1993,13.62
05/12/1993,12.98
05/13/1993,14.63
05/14/1993,14.63
05/17/1993,14.85
05/18/1993,14.52
05/19/1993,14.46
05/20/1993,14.46
05/21/1993,14.16
05/24/1993,14.16
05/25/1993,13.73
05/26/1993,13.2
05/27/1993,13.58
05/28/1993,13.21
06/01/1993,13.21
06/02/1993,13.59
06/03/1993,13.67
06/04/1993,12.96
06/07/1993,12.76
06/08/1993,15.22
06/09/1993,15.74
06/10/1993,13.59
06/11/1993,13.35
06/14/1993,12.32
06/15/1993,12.32
06/16/1993,12.32
06/17/1993,12.85
06/18/1993,11.73
06/21/1993,12.57
06/22/1993,11.67
06/23/1993,11.24
06/24/1993,12.91
06/25/1993,12.15
06/28/1993,12.13
06/29/1993,11.46
06/30/1993,11.22
07/01/1993,10.49
07/02/1993,11.6
07/06/1993,13
07/07/1993,13.43
07/08/1993,11.19
07/09/1993,11.28
07/12/1993,9.18
07/13/1993,9.18
07/14/1993,9.18
07/15/1993,10.94
07/16/1993,10.66
07/19/1993,11.44
07/20/1993,11.1
07/21/1993,12.05
07/22/1993,11.94
07/23/1993,11.15
07/26/1993,11.65
07/27/1993,11.87
07/28/1993,11.87
07/29/1993,11.54
07/30/1993,11.54
08/02/1993,11.81
08/03/1993,10.95
08/04/1993,10.92
08/05/1993,11.94
08/06/1993,12.18
08/09/1993,12.15
08/10/1993,11.97
08/11/1993,12.36
08/12/1993,12.22
08/13/1993,12.8
08/16/1993,12.37
08/17/1993,11.78
08/18/1993,12.06
08/19/1993,12.07
08/20/1993,11.29
08/23/1993,12.36
08/24/1993,11.94
08/25/1993,11.78
08/26/1993,11.85
08/27/1993,11.85
08/30/1993,11.34
08/31/1993,12.55
09/01/1993,11.3
09/02/1993,11.91
09/03/1993,11.56
09/07/1993,11.8
09/08/1993,12.26
09/09/1993,13.38
09/10/1993,12.16
09/13/1993,11.67
09/14/1993,13.49
09/15/1993,13.49
09/16/1993,13.49
09/17/1993,11.32
09/20/1993,13.66
09/21/1993,14.57
09/22/1993,14.78
09/23/1993,13.47
09/24/1993,12.58
09/27/1993,12.76
09/28/1993,11.91
09/29/1993,12
09/30/1993,13.08
10/01/1993,12.56
10/04/1993,13.27
10/05/1993,13.15
10/06/1993,13.07
10/07/1993,12.65
10/08/1993,12.65
10/11/1993,13.08
10/12/1993,14.64
10/13/1993,10.62
10/14/1993,12.35
10/15/1993,12.35
10/18/1993,12.27
10/19/1993,11.73
10/20/1993,11.2
10/21/1993,10.7
10/22/1993,10.75
10/25/1993,11.67
10/26/1993,10.04
10/27/1993,10.04
10/28/1993,11.95
10/29/1993,11.95
11/01/1993,12.02
11/02/1993,11.68
11/03/1993,11.72
11/04/1993,13.52
11/05/1993,14.57
11/08/1993,16.12
11/09/1993,13.92
11/10/1993,13.18
11/11/1993,13.25
11/12/1993,14.47
11/15/1993,13.79
11/16/1993,15.03
11/17/1993,15.69
11/18/1993,15.44
11/19/1993,14.99
11/22/1993,16.2
11/23/1993,16.2
11/24/1993,16.2
11/26/1993,13.3
11/29/1993,13.39
11/30/1993,13.39
12/01/1993,12.93
12/02/1993,14.22
12/03/1993,13.34
12/06/1993,14.5
12/07/1993,14.76
12/08/1993,14.2
12/09/1993,11.58
12/10/1993,12.62
12/13/1993,9.7
12/14/1993,10.71
12/15/1993,11.49
12/16/1993,11.15
12/17/1993,11.67
12/20/1993,11.11
12/21/1993,10.53
12/22/1993,10.03
12/23/1993,9.5
12/27/1993,9.5
12/28/1993,9.81
12/29/1993,10.11
12/30/1993,10.32
12/31/1993,10.59
01/03/1994,11.28
01/04/1994,12.87
01/05/1994,12.87
01/06/1994,11.47
01/07/1994,11.47
01/10/1994,10.64
01/11/1994,12.04
01/12/1994,12.21
01/13/1994,12.75
01/14/1994,11.14
01/17/1994,11.99
01/18/1994,11.7
01/19/1994,11.74
01/20/1994,11.81
01/21/1994,10.9
01/24/1994,11.59
01/25/1994,10.94
01/26/1994,11.76
01/27/1994,10.69
01/28/1994,9.86
01/31/1994,9.86
02/01/1994,10.81
02/02/1994,10.54
02/03/1994,10.63
02/04/1994,10.71
02/07/1994,10.71
02/08/1994,12.49
02/09/1994,12.91
02/10/1994,12.69
02/11/1994,15.18
02/14/1994,14.25
02/15/1994,14.15
02/16/1994,13.12
02/17/1994,12.75
02/18/1994,13.97
02/22/1994,14.95
02/23/1994,14.95
02/24/1994,15.54
02/25/1994,15.01
02/28/1994,15.01
03/01/1994,12.58
03/02/1994,17.82
03/03/1994,15.99
03/04/1994,15.65
03/07/1994,12.2
03/08/1994,12.2
03/09/1994,14.68
03/10/1994,14.68
03/11/1994,14.77
03/14/1994,14.77
03/15/1994,14.49
03/16/1994,15.35
03/17/1994,13.23
03/18/1994,13.74
03/21/1994,14.5
03/22/1994,13.94
03/23/1994,11.88
03/24/1994,12.22
03/25/1994,13.4
03/28/1994,15.69
03/29/1994,13.66
03/30/1994,17.11
03/31/1994,18.5
04/04/1994,18.5
04/05/1994,21.63
04/06/1994,16.84
04/07/1994,17.92
04/08/1994,16.5
04/11/1994,16.5
04/12/1994,16.5
04/13/1994,15.97
04/14/1994,17.13
04/15/1994,15.54
04/18/1994,16.08
04/19/1994,16.69
04/20/1994,16.8
04/21/1994,16.43
04/22/1994,14.16
04/25/1994,15.19
04/26/1994,14.19
04/28/1994,13.23
04/29/1994,13.05
05/02/1994,14.42
05/03/1994,13.03
05/04/1994,13.77
05/05/1994,13.62
05/06/1994,15.11
05/09/1994,16.4
05/10/1994,15.87
05/11/1994,14.93
05/12/1994,15.01
05/13/1994,15.55
05/16/1994,14.85
05/17/1994,14.67
05/18/1994,13.1
05/19/1994,12.09
05/20/1994,11.89
05/23/1994,13.26
05/24/1994,12.59
05/25/1994,13.01
05/26/1994,12.46
05/27/1994,12.84
05/31/1994,13.39
06/01/1994,13.16
06/02/1994,12.77
06/03/1994,13.28
06/06/1994,11.78
06/07/1994,13.35
06/08/1994,12.81
06/09/1994,13.27
06/10/1994,13.04
06/13/1994,12.34
06/14/1994,11.62
06/15/1994,11.36
06/16/1994,11.36
06/17/1994,10.52
06/20/1994,13.77
06/21/1994,13.7
06/22/1994,14.75
06/23/1994,13.31
06/24/1994,15.35
06/27/1994,17.36
06/28/1994,13.39
06/29/1994,14.63
06/30/1994,13.92
07/01/1994,14.89
07/05/1994,14.84
07/06/1994,15.12
07/07/1994,13.24
07/08/1994,14.88
07/11/1994,13.3
07/12/1994,13.9
07/13/1994,12.94
07/14/1994,12.69
07/15/1994,11.13
07/18/1994,11.49
07/19/1994,11.49
07/20/1994,11.51
07/21/1994,12.49
07/22/1994,10.96
07/25/1994,11.87
07/26/1994,11.78
07/27/1994,11.93
07/28/1994,11.99
07/29/1994,11.23
08/01/1994,11.71
08/02/1994,10.91
08/03/1994,11.42
08/04/1994,11.5
08/05/1994,12.85
08/08/1994,11.71
08/09/1994,11.12
08/10/1994,12.61
08/11/1994,11.55
08/12/1994,11.98
08/15/1994,11.92
08/16/1994,11.72
08/17/1994,11.17
08/18/1994,11.76
08/19/1994,12.71
08/22/1994,12.87
08/23/1994,11.78
08/24/1994,12.03
08/25/1994,11.62
08/26/1994,11.16
08/29/1994,12.81
08/30/1994,11.73
08/31/1994,11.18
09/01/1994,12.17
09/02/1994,11.21
09/06/1994,11.5
09/07/1994,11.83
09/08/1994,12.01
09/09/1994,11.62
09/12/1994,13.47
09/13/1994,12.96
09/14/1994,13.95
09/15/1994,11.87
09/16/1994,12.06
09/19/1994,12.89
09/20/1994,12.89
09/21/1994,13.65
09/22/1994,13.56
09/23/1994,13.79
09/26/1994,14.94
09/27/1994,14.9
09/28/1994,13.62
09/29/1994,13.55
09/30/1994,13.33
10/03/1994,15.69
10/04/1994,14.08
10/05/1994,16.26
10/06/1994,15.65
10/07/1994,15.31
10/10/1994,14.26
10/11/1994,13.93
10/12/1994,13.66
10/13/1994,12.75
10/14/1994,14.33
10/17/1994,14.25
10/18/1994,14.4
10/19/1994,13.91
10/20/1994,15.5
10/21/1994,16.14
10/24/1994,15.97
10/25/1994,17.18
10/26/1994,15.7
10/27/1994,15.2
10/28/1994,15.11
10/31/1994,14.73
11/01/1994,14.61
11/02/1994,15.28
11/03/1994,14.32
11/04/1994,14.99
11/07/1994,16.88
11/08/1994,15.57
11/09/1994,15.95
11/10/1994,16.11
11/11/1994,15.07
11/14/1994,16.96
11/15/1994,14.75
11/16/1994,15.73
11/17/1994,15.02
11/18/1994,15.77
11/21/1994,15.47
11/22/1994,16.57
11/23/1994,18.27
11/25/1994,17.64
11/28/1994,17.09
11/29/1994,16.01
11/30/1994,15.99
12/01/1994,15.49
12/02/1994,16.11
12/05/1994,15.88
12/06/1994,15.8
12/07/1994,16.61
12/08/1994,16.13
12/09/1994,17
12/12/1994,17.44
12/13/1994,15.04
12/14/1994,15.09
12/15/1994,13.79
12/16/1994,12.87
12/19/1994,12.87
12/20/1994,12.94
12/21/1994,12.9
12/22/1994,12.17
12/23/1994,11.96
12/27/1994,11.83
12/28/1994,11.4
12/29/1994,12.87
12/30/1994,12.48
01/03/1995,14.09
01/04/1995,13.87
01/05/1995,13.7
01/06/1995,13.67
01/09/1995,13.53
01/10/1995,12.49
01/11/1995,12.03
01/12/1995,12.74
01/13/1995,11.46
01/16/1995,11.45
01/17/1995,12.45
01/18/1995,11.24
01/19/1995,12.08
01/20/1995,12.08
01/23/1995,13.89
01/24/1995,12.13
01/25/1995,11.94
01/26/1995,10.9
01/27/1995,10.77
01/30/1995,11.63
01/31/1995,12.12
02/01/1995,11.74
02/02/1995,11.59
02/03/1995,10.56
02/06/1995,11.24
02/07/1995,11.01
02/08/1995,11.29
02/09/1995,11.42
02/10/1995,11.5
02/13/1995,11.74
02/14/1995,11.35
02/15/1995,11.49
02/16/1995,11.62
02/17/1995,11.44
02/21/1995,11.44
02/22/1995,11.03
02/23/1995,10.8
02/24/1995,10.95
02/27/1995,10.93
02/28/1995,12.33
03/01/1995,11.49
03/02/1995,11.66
03/03/1995,11.48
03/06/1995,12.19
03/07/1995,12.39
03/08/1995,13.21
03/09/1995,13.09
03/10/1995,13.27
03/13/1995,12.11
03/14/1995,11.68
03/15/1995,12.27
03/16/1995,12.27
03/17/1995,12.05
03/20/1995,11.88
03/21/1995,11.35
03/22/1995,11.36
03/23/1995,11.39
03/24/1995,11.23
03/27/1995,11.97
03/28/1995,11.51
03/29/1995,11.68
03/30/1995,12.59
03/31/1995,13.6
04/03/1995,12.52
04/04/1995,12.24
04/05/1995,12.98
04/06/1995,11.72
04/07/1995,13.14
04/10/1995,13.3
04/11/1995,12.59
04/12/1995,12.29
04/13/1995,11.22
04/17/1995,11.49
04/18/1995,12.21
04/19/1995,13.11
04/20/1995,12.16
04/21/1995,11.21
04/24/1995,11.78
04/25/1995,11.93
04/26/1995,12.78
04/27/1995,11.81
04/28/1995,11.54
05/01/1995,11.21
05/02/1995,12.18
05/03/1995,11.8
05/04/1995,11.46
05/05/1995,11.91
05/08/1995,11.37
05/09/1995,12.26
05/10/1995,12.94
05/11/1995,13.29
05/12/1995,11.2
05/15/1995,12.09
05/16/1995,12.13
05/17/1995,12.28
05/18/1995,11.89
05/19/1995,12.73
05/22/1995,12.22
05/23/1995,11.14
05/24/1995,10.29
05/25/1995,11.76
05/26/1995,11.63
05/30/1995,12.13
05/31/1995,12.49
06/01/1995,12.16
06/02/1995,12.77
06/05/1995,13.5
06/06/1995,12.96
06/07/1995,13.22
06/08/1995,13.01
06/09/1995,12.62
06/12/1995,12
06/13/1995,11.35
06/14/1995,12.16
06/15/1995,11.72
06/16/1995,10.36
06/19/1995,10.6
06/20/1995,11.26
06/21/1995,11.52
06/22/1995,10.92
06/23/1995,11.43
06/26/1995,10.98
06/27/1995,11.85
06/28/1995,12.3
06/29/1995,11.59
06/30/1995,11.07
07/03/1995,11.36
07/05/1995,11.86
07/06/1995,12.35
07/07/1995,11.76
07/10/1995,11.19
07/11/1995,11.97
07/12/1995,12.25
07/13/1995,11.13
07/14/1995,12.73
07/17/1995,12.35
07/18/1995,12.55
07/19/1995,13.48
07/20/1995,13.46
07/21/1995,11.94
07/24/1995,12.64
07/25/1995,12.73
07/26/1995,12.85
07/27/1995,13.34
07/28/1995,13.05
07/31/1995,13.22
08/01/1995,13.44
08/02/1995,13.28
08/03/1995,14.46
08/04/1995,12.9
08/07/1995,13.62
08/08/1995,13.25
08/09/1995,12.78
08/10/1995,12.87
08/11/1995,12.45
08/14/1995,12.69
08/15/1995,12.31
08/16/1995,11.6
08/17/1995,12.17
08/18/1995,11.47
08/21/1995,12.08
08/22/1995,12.54
08/23/1995,11.82
08/24/1995,13.31
08/25/1995,12.23
08/28/1995,12.15
08/29/1995,11.68
08/30/1995,11.77
08/31/1995,11.61
09/01/1995,11.15
09/05/1995,11.44
09/06/1995,10.31
09/07/1995,10.65
09/08/1995,11.01
09/11/1995,11.79
09/12/1995,11.67
09/13/1995,11.66
09/14/1995,11.29
09/15/1995,11.13
09/18/1995,12.38
09/19/1995,12.5
09/20/1995,12.75
09/21/1995,11.95
09/22/1995,12.79
09/25/1995,12.33
09/26/1995,12.21
09/27/1995,12.73
09/28/1995,11.72
09/29/1995,12.2
10/02/1995,12.4
10/03/1995,14.52
10/04/1995,13.31
10/05/1995,14.15
10/06/1995,13.45
10/09/1995,14.61
10/10/1995,14.61
10/11/1995,14.74
10/12/1995,14.34
10/13/1995,13.95
10/16/1995,15.04
10/17/1995,14.63
10/18/1995,12.57
10/19/1995,14.38
10/20/1995,13.46
10/23/1995,14.63
10/24/1995,14.01
10/25/1995,13.41
10/26/1995,14.47
10/27/1995,15.79
10/30/1995,14.48
10/31/1995,13.9
11/01/1995,13.98
11/02/1995,13.37
11/03/1995,12.12
11/06/1995,13.09
11/07/1995,12.92
11/08/1995,12.85
11/09/1995,12.35
11/10/1995,12.62
11/13/1995,13.52
11/14/1995,13.77
11/15/1995,13.44
11/16/1995,12.88
11/17/1995,12.61
11/20/1995,12.75
11/21/1995,11.89
11/22/1995,11.91
11/24/1995,11.91
11/27/1995,10.57
11/28/1995,11.94
11/29/1995,11
11/30/1995,10.9
12/01/1995,11.12
12/04/1995,11.12
12/05/1995,11.12
12/06/1995,10.84
12/07/1995,12.5
12/08/1995,12.5
12/11/1995,12.14
12/12/1995,10.38
12/13/1995,11.51
12/14/1995,10.67
12/15/1995,11.22
12/18/1995,11.22
12/19/1995,15.42
12/20/1995,11.84
12/21/1995,13.01
12/22/1995,11.29
12/26/1995,11.72
12/27/1995,11.24
12/28/1995,11.91
12/29/1995,12.59
01/02/1996,13.39
01/03/1996,11.53
01/04/1996,11.24
01/05/1996,14.02
01/08/1996,14.02
01/09/1996,13.04
01/10/1996,16.55
01/11/1996,15.76
01/12/1996,14.28
01/15/1996,14.12
01/16/1996,14.62
01/17/1996,14
01/18/1996,13.72
01/19/1996,13.55
01/22/1996,12.88
01/23/1996,13.56
01/24/1996,12.92
01/25/1996,12.31
01/26/1996,12.64
01/29/1996,12.07
01/30/1996,11.45
01/31/1996,12.37
02/01/1996,11.44
02/02/1996,12.51
02/05/1996,13.79
02/06/1996,13.99
02/07/1996,14.29
02/08/1996,13.96
02/09/1996,14.27
02/12/1996,14.53
02/13/1996,14.53
02/14/1996,15.02
02/15/1996,15.7
02/16/1996,14.93
02/20/1996,16.23
02/21/1996,15.53
02/22/1996,14.14
02/23/1996,14.93
02/26/1996,15.47
02/27/1996,16.51
02/28/1996,15.51
02/29/1996,16.88
03/01/1996,17.13
03/04/1996,16.78
03/05/1996,16.64
03/06/1996,16.03
03/07/1996,16.85
03/08/1996,18.86
03/11/1996,17.34
03/12/1996,18.37
03/13/1996,18.52
03/14/1996,17.79
03/15/1996,15.15
03/18/1996,16.5
03/19/1996,16.93
03/20/1996,18.3
03/21/1996,18.36
03/22/1996,17.41
03/25/1996,17.13
03/26/1996,18.23
03/27/1996,17.31
03/28/1996,17.8
03/29/1996,18.25
04/01/1996,18.42
04/02/1996,16.98
04/03/1996,16.36
04/04/1996,16.15
04/08/1996,16.15
04/09/1996,16.96
04/10/1996,17.79
04/11/1996,19.41
04/12/1996,18.69
04/15/1996,17.54
04/16/1996,16.51
04/17/1996,16.5
04/18/1996,16.69
04/19/1996,14.56
04/22/1996,14.76
04/23/1996,14.95
04/24/1996,14.01
04/25/1996,14.69
04/26/1996,14.56
04/29/1996,15.54
04/30/1996,15.75
05/01/1996,15.89
05/02/1996,16.75
05/03/1996,16.61
05/06/1996,16.89
05/07/1996,16.62
05/08/1996,17.2
05/09/1996,15.48
05/10/1996,16.2
05/13/1996,16.26
05/14/1996,15.01
05/15/1996,14.57
05/16/1996,16.01
05/17/1996,14.74
05/20/1996,15.05
05/21/1996,15.66
05/22/1996,16
05/23/1996,15.79
05/24/1996,15.58
05/28/1996,16.1
05/29/1996,16.97
05/30/1996,17.06
05/31/1996,15.74
06/03/1996,16.8
06/04/1996,16.35
06/05/1996,16.04
06/06/1996,16.34
06/07/1996,17.67
06/10/1996,16.57
06/11/1996,16.38
06/12/1996,16.47
06/13/1996,16.82
06/14/1996,17.1
06/17/1996,17.27
06/18/1996,16.69
06/19/1996,17.55
06/20/1996,17.08
06/21/1996,14.9
06/24/1996,16.08
06/25/1996,15.5
06/26/1996,15.07
06/27/1996,15.08
06/28/1996,13.92
07/01/1996,13.83
07/02/1996,13.93
07/03/1996,13.88
07/05/1996,16.25
07/08/1996,16.68
07/09/1996,16.02
07/10/1996,16.06
07/11/1996,15.81
07/12/1996,16.99
07/15/1996,17.14
07/16/1996,20.28
07/17/1996,19.38
07/18/1996,18.78
07/19/1996,16.74
07/22/1996,19.3
07/23/1996,19.3
07/24/1996,23.9
07/25/1996,19.59
07/26/1996,18.69
07/29/1996,18.56
07/30/1996,19.83
07/31/1996,19.88
08/01/1996,19.39
08/02/1996,16.38
08/05/1996,17.12
08/06/1996,17.75
08/07/1996,16.88
08/08/1996,16.28
08/09/1996,16.01
08/12/1996,16.14
08/13/1996,16.29
08/14/1996,16.53
08/15/1996,16.09
08/16/1996,15
08/19/1996,15.27
08/20/1996,15.19
08/21/1996,14.91
08/22/1996,13.9
08/23/1996,13.71
08/26/1996,14.74
08/27/1996,14.57
08/28/1996,14.88
08/29/1996,15.43
08/30/1996,16.09
09/03/1996,19.78
09/04/1996,18.61
09/05/1996,19.07
09/06/1996,18.15
09/09/1996,17.1
09/10/1996,16.42
09/11/1996,16.56
09/12/1996,15.36
09/13/1996,15.51
09/16/1996,15.4
09/17/1996,15.86
09/18/1996,16.27
09/19/1996,16.09
09/20/1996,14.57
09/23/1996,16.33
09/24/1996,16.55
09/25/1996,15.86
09/26/1996,16.13
09/27/1996,16.57
09/30/1996,16.33
10/01/1996,16.9
10/02/1996,16.92
10/03/1996,16.73
10/04/1996,15.46
10/07/1996,15.06
10/08/1996,15.35
10/09/1996,15.66
10/10/1996,16.33
10/11/1996,15.5
10/14/1996,14.77
10/15/1996,14.82
10/16/1996,15.82
10/17/1996,15.25
10/18/1996,15.52
10/21/1996,15.53
10/22/1996,16.29
10/23/1996,16.66
10/24/1996,16.17
10/25/1996,17.09
10/28/1996,17.27
10/29/1996,18.44
10/30/1996,18.17
10/31/1996,18.14
11/01/1996,17.29
11/04/1996,18.33
11/05/1996,17.32
11/06/1996,16.74
11/07/1996,16.84
11/08/1996,16.52
11/11/1996,14.73
11/12/1996,15.89
11/13/1996,14.94
11/14/1996,14.62
11/15/1996,13.61
11/18/1996,14.71
11/19/1996,15.04
11/20/1996,15.39
11/21/1996,16.08
11/22/1996,15.06
11/25/1996,15.47
11/26/1996,16.67
11/27/1996,17
11/29/1996,16.76
12/02/1996,18.66
12/03/1996,17.7
12/04/1996,18.76
12/05/1996,17.59
12/06/1996,20.36
12/09/1996,18.5
12/10/1996,17.36
12/11/1996,18.61
12/12/1996,18.69
12/13/1996,20.85
12/16/1996,21.04
12/17/1996,21.99
12/18/1996,20.07
12/19/1996,18.94
12/20/1996,16.84
12/23/1996,19.27
12/24/1996,19.22
12/26/1996,18.33
12/27/1996,18.67
12/30/1996,19.7
12/31/1996,19.86
01/02/1997,21.54
01/03/1997,19.82
01/06/1997,19.84
01/07/1997,20.46
01/08/1997,18.6
01/09/1997,19.99
01/10/1997,20.75
01/13/1997,19.47
01/14/1997,20.1
01/15/1997,19.39
01/16/1997,19.59
01/17/1997,19.78
01/20/1997,19.18
01/21/1997,18.69
01/22/1997,18.02
01/23/1997,16.67
01/24/1997,18.45
01/27/1997,20.17
01/28/1997,19.96
01/29/1997,20.6
01/30/1997,19.81
02/03/1997,19.89
02/04/1997,19.59
02/05/1997,19.55
02/06/1997,20.58
02/07/1997,18.82
02/10/1997,19.65
02/11/1997,20.31
02/12/1997,19.57
02/13/1997,19.3
02/14/1997,19.21
02/18/1997,19.76
02/19/1997,19.94
02/20/1997,20.93
02/21/1997,21.29
02/24/1997,20.94
02/25/1997,20.11
02/26/1997,19.4
02/27/1997,20.43
02/28/1997,21.55
03/03/1997,21.89
03/04/1997,20.75
03/05/1997,20.01
03/06/1997,19.48
03/07/1997,19.52
03/10/1997,20.14
03/11/1997,19.24
03/12/1997,18.72
03/13/1997,19.32
03/14/1997,19.86
03/17/1997,21.18
03/18/1997,20.85
03/19/1997,21.68
03/20/1997,21.52
03/21/1997,17.54
03/24/1997,20
03/25/1997,19.75
03/26/1997,18.6
03/27/1997,17.38
03/31/1997,21.54
04/01/1997,22.85
04/02/1997,21.29
04/03/1997,21.24
04/04/1997,20.7
04/07/1997,19.24
04/08/1997,18.65
04/09/1997,18.09
04/10/1997,18.62
04/11/1997,19.51
04/14/1997,19.82
04/15/1997,19.02
04/16/1997,18.43
04/17/1997,18.38
04/18/1997,18.14
04/21/1997,19.22
04/22/1997,19.88
04/23/1997,19.84
04/24/1997,20.26
04/25/1997,21.25
04/28/1997,22.21
04/29/1997,20.64
04/30/1997,20
05/01/1997,20.18
05/02/1997,18.88
05/05/1997,18.49
05/06/1997,21.37
05/07/1997,21.19
05/08/1997,21.4
05/09/1997,21.49
05/12/1997,20.44
05/13/1997,20.53
05/14/1997,20.48
05/15/1997,21.14
05/16/1997,18.73
05/19/1997,21.88
05/20/1997,21.49
05/21/1997,19.19
05/22/1997,19.01
05/23/1997,18.46
05/27/1997,19.26
05/28/1997,19.39
05/29/1997,19.1
05/30/1997,19.48
06/02/1997,21.08
06/03/1997,19.91
06/04/1997,19.99
06/05/1997,20.19
06/06/1997,19.44
06/09/1997,19.66
06/10/1997,19.28
06/11/1997,18.96
06/12/1997,18.7
06/13/1997,19.3
06/16/1997,19.77
06/17/1997,20.66
06/18/1997,20.38
06/19/1997,20.18
06/20/1997,20.24
06/23/1997,20.7
06/24/1997,20.73
06/25/1997,21.01
06/26/1997,21.75
06/27/1997,21.26
06/30/1997,21.47
07/01/1997,21.54
07/02/1997,20.74
07/03/1997,18.46
07/07/1997,18.71
07/08/1997,19.08
07/09/1997,18.58
07/10/1997,19.89
07/11/1997,19.29
07/14/1997,19.02
07/15/1997,19.51
07/16/1997,19.8
07/17/1997,19.97
07/18/1997,21.01
07/21/1997,23.55
07/22/1997,23.11
07/23/1997,21.31
07/24/1997,21.57
07/25/1997,20.64
07/28/1997,20.57
07/29/1997,22.28
07/30/1997,21.95
07/31/1997,21.34
08/01/1997,21.29
08/04/1997,23
08/05/1997,21.78
08/06/1997,20.87
08/07/1997,19.54
08/08/1997,21.37
08/11/1997,22.86
08/12/1997,22.13
08/13/1997,23.58
08/14/1997,23.7
08/15/1997,23.2
08/18/1997,26.11
08/19/1997,23.31
08/20/1997,22.57
08/21/1997,21.35
08/22/1997,25.3
08/25/1997,24.46
08/26/1997,24.4
08/27/1997,25.06
08/28/1997,24.79
08/29/1997,24.52
09/02/1997,25.85
09/03/1997,24.41
09/04/1997,25.01
09/05/1997,24.17
09/08/1997,24.5
09/09/1997,24.76
09/10/1997,24.2
09/11/1997,25.53
09/12/1997,25.6
09/15/1997,25.77
09/16/1997,24.77
09/17/1997,23.88
09/18/1997,23.76
09/19/1997,22.51
09/22/1997,22.87
09/23/1997,22.18
09/24/1997,22.13
09/25/1997,22.6
09/26/1997,21.96
09/29/1997,23.21
09/30/1997,22.32
10/01/1997,22.95
10/02/1997,22.55
10/03/1997,20.81
10/06/1997,21.98
10/07/1997,21.35
10/08/1997,20.39
10/09/1997,23.35
10/10/1997,20.29
10/13/1997,19.82
10/14/1997,19.86
10/15/1997,19.61
10/16/1997,19.74
10/17/1997,20.32
10/20/1997,21.4
10/21/1997,20.2
10/22/1997,19.56
10/23/1997,22.55
10/24/1997,20.93
10/27/1997,24.91
10/28/1997,45.69
10/29/1997,29.32
10/30/1997,36.71
10/31/1997,35.08
11/03/1997,32.18
11/04/1997,31.44
11/05/1997,32.31
11/06/1997,33.06
11/07/1997,36.2
11/10/1997,35.21
11/11/1997,36.92
11/12/1997,37.82
11/13/1997,37.24
11/14/1997,36.19
11/17/1997,32.56
11/18/1997,31.33
11/19/1997,31.12
11/20/1997,28.73
11/21/1997,26.68
11/24/1997,28.91
11/25/1997,28.94
11/28/1997,28.04
12/01/1997,27.86
12/02/1997,25.69
12/03/1997,25.21
12/04/1997,22.8
12/05/1997,22.34
12/08/1997,22.88
12/09/1997,23.45
12/10/1997,23.06
12/11/1997,26.82
12/12/1997,26.55
12/15/1997,28.18
12/16/1997,26.03
12/17/1997,25.57
12/18/1997,26.21
12/19/1997,29.23
12/22/1997,28.83
12/23/1997,28.69
12/24/1997,29.94
12/26/1997,29.39
12/29/1997,28.71
12/30/1997,26.27
12/31/1997,24.21
01/02/1998,24.34
01/05/1998,24.11
01/06/1998,25.2
01/07/1998,26.15
01/08/1998,26.24
01/09/1998,25.79
01/12/1998,25.79
01/13/1998,26.7
01/14/1998,25.04
01/15/1998,23.92
01/16/1998,21.45
01/20/1998,22.21
01/21/1998,22.75
01/22/1998,23.22
01/23/1998,22.72
01/26/1998,23.74
01/27/1998,23.16
01/28/1998,21.88
01/29/1998,21.97
01/30/1998,21.67
02/02/1998,21.32
02/03/1998,21.31
02/04/1998,21
02/05/1998,19.18
02/06/1998,20.97
02/09/1998,21.23
02/10/1998,21.21
02/11/1998,21.04
02/12/1998,20.62
02/13/1998,20.48
02/17/1998,20.43
02/18/1998,20.24
02/19/1998,19.89
02/20/1998,19.56
02/23/1998,19.14
02/24/1998,19.13
02/25/1998,19.01
02/26/1998,18.96
02/27/1998,18.66
03/02/1998,18.97
03/03/1998,19.43
03/04/1998,19.27
03/05/1998,20.87
03/06/1998,19.97
03/09/1998,20.2
03/10/1998,19.9
03/11/1998,19.41
03/12/1998,18.76
03/13/1998,17.69
03/16/1998,19.27
03/17/1998,18.42
03/18/1998,18.71
03/19/1998,17.9
03/20/1998,17.61
03/23/1998,19.65
03/24/1998,20.11
03/25/1998,20.59
03/26/1998,23.02
03/27/1998,22.44
03/30/1998,24.32
03/31/1998,24.23
04/01/1998,24.85
04/02/1998,23.07
04/03/1998,21.94
04/06/1998,21.84
04/07/1998,23.31
04/08/1998,23.01
04/09/1998,21.39
04/13/1998,22.99
04/14/1998,23.37
04/15/1998,21.46
04/16/1998,21.44
04/17/1998,22.32
04/20/1998,21.22
04/21/1998,20.51
04/22/1998,19.74
04/23/1998,20.4
04/24/1998,20.28
04/27/1998,20.28
04/28/1998,24.04
04/29/1998,23.36
04/30/1998,21.16
05/01/1998,20.72
05/04/1998,19.57
05/05/1998,20.94
05/06/1998,21.9
05/07/1998,23.65
05/08/1998,20.94
05/11/1998,20.08
05/12/1998,21.23
05/13/1998,20.29
05/14/1998,19.9
05/15/1998,19.61
05/18/1998,20.84
05/19/1998,20.74
05/20/1998,19.66
05/21/1998,19.7
05/22/1998,18.66
05/26/1998,19.66
05/27/1998,24.33
05/28/1998,21.79
05/29/1998,19.93
06/01/1998,22.71
06/02/1998,22.22
06/03/1998,21.1
06/04/1998,22.82
06/05/1998,20.48
06/08/1998,19.02
06/09/1998,20.45
06/10/1998,21.26
06/11/1998,21.87
06/12/1998,23.57
06/15/1998,24.77
06/16/1998,26.49
06/17/1998,23.38
06/18/1998,22.87
06/19/1998,21.48
06/22/1998,22.96
06/23/1998,21.18
06/24/1998,20.18
06/25/1998,19.5
06/26/1998,19.84
06/29/1998,19.39
06/30/1998,19.85
07/01/1998,18.99
07/02/1998,18.49
07/06/1998,19.06
07/07/1998,18.4
07/08/1998,18.24
07/09/1998,18.05
07/10/1998,17.86
07/13/1998,18.36
07/14/1998,18.32
07/15/1998,17.88
07/16/1998,17.56
07/17/1998,16.42
07/20/1998,17.73
07/21/1998,17.45
07/22/1998,20.53
07/23/1998,20.54
07/24/1998,22.54
07/27/1998,24.43
07/28/1998,23.69
07/29/1998,23.29
07/30/1998,23.81
07/31/1998,22.29
08/03/1998,26.15
08/04/1998,25.57
08/05/1998,31.78
08/06/1998,29.45
08/07/1998,27.66
08/10/1998,28.05
08/11/1998,32.54
08/12/1998,29.41
08/13/1998,28.2
08/14/1998,29.86
08/17/1998,34.77
08/18/1998,30.66
08/19/1998,27.56
08/20/1998,29.27
08/21/1998,32.59
08/24/1998,31.69
08/25/1998,29.31
08/26/1998,31.95
08/27/1998,33.65
08/28/1998,38.4
08/31/1998,39.74
09/01/1998,41.74
09/02/1998,35.21
09/03/1998,40.96
09/04/1998,40.66
09/08/1998,40.11
09/09/1998,37.86
09/10/1998,43.89
09/11/1998,47.95
09/14/1998,40.89
09/15/1998,38.37
09/16/1998,35.93
09/17/1998,39.43
09/18/1998,39.44
09/21/1998,42.74
09/22/1998,37.85
09/23/1998,35.03
09/24/1998,33.78
09/25/1998,37.14
09/28/1998,34.2
09/29/1998,37.17
09/30/1998,37.16
10/01/1998,41.9
10/02/1998,42.17
10/05/1998,42.65
10/06/1998,40.16
10/07/1998,40.98
10/08/1998,47.07
10/09/1998,43.28
10/12/1998,40.55
10/13/1998,40.97
10/14/1998,40.92
10/15/1998,39.61
10/16/1998,34.01
10/19/1998,35.94
10/20/1998,30.81
10/21/1998,33.27
10/22/1998,33.9
10/23/1998,31.9
10/26/1998,33.25
10/27/1998,31.2
10/28/1998,33.77
10/29/1998,32.09
10/30/1998,28.28
11/02/1998,28.31
11/03/1998,26.6
11/04/1998,26.98
11/05/1998,27.52
11/06/1998,25.91
11/09/1998,26.93
11/10/1998,28.2
11/11/1998,27.28
11/12/1998,28.63
11/13/1998,29.49
11/16/1998,28.79
11/17/1998,29.34
11/18/1998,28.13
11/19/1998,26.1
11/20/1998,26.1
11/23/1998,22.2
11/24/1998,22.32
11/25/1998,23.48
11/27/1998,22.43
11/30/1998,22.79
12/01/1998,27.38
12/02/1998,25.63
12/03/1998,25.53
12/04/1998,26.28
12/07/1998,25.59
12/08/1998,25.05
12/09/1998,25.78
12/10/1998,25.73
12/11/1998,27.93
12/14/1998,29.86
12/15/1998,31.38
12/16/1998,29.13
12/17/1998,29.42
12/18/1998,26.8
12/21/1998,24.64
12/22/1998,24.05
12/23/1998,21.89
12/24/1998,21
12/28/1998,22.92
12/29/1998,23.68
12/30/1998,22.03
12/31/1998,23.74
01/04/1999,25.38
01/05/1999,25.92
01/06/1999,23.36
01/07/1999,24.42
01/08/1999,22.95
01/11/1999,21.41
01/12/1999,25.59
01/13/1999,32.62
01/14/1999,30.46
01/15/1999,32.56
01/19/1999,28.86
01/20/1999,28.62
01/21/1999,29.55
01/22/1999,32.26
01/25/1999,32.22
01/26/1999,30.92
01/27/1999,28.28
01/28/1999,29.25
01/29/1999,27.77
02/01/1999,27.21
02/02/1999,28.19
02/03/1999,28.59
02/04/1999,27.62
02/05/1999,29.69
02/08/1999,29.53
02/09/1999,29.96
02/10/1999,31.59
02/11/1999,30.03
02/12/1999,27.85
02/16/1999,28.88
02/17/1999,30.21
02/18/1999,30.99
02/19/1999,30.01
02/22/1999,28.83
02/23/1999,25.92
02/24/1999,25.7
02/25/1999,27.95
02/26/1999,28.41
03/01/1999,29.34
03/02/1999,27.96
03/03/1999,28.85
03/04/1999,27.81
03/05/1999,24.78
03/08/1999,24.87
03/09/1999,25.28
03/10/1999,24.86
03/11/1999,24.31
03/12/1999,24.79
03/15/1999,25.81
03/16/1999,25.34
03/17/1999,24.93
03/18/1999,25.14
03/19/1999,24.07
03/22/1999,25.3
03/23/1999,25.97
03/24/1999,26.99
03/25/1999,25.32
03/26/1999,24.79
03/29/1999,23.87
03/30/1999,24.34
03/31/1999,22.03
04/01/1999,22.03
04/05/1999,22.88
04/06/1999,22.53
04/07/1999,22.53
04/08/1999,23.38
04/09/1999,22.16
04/12/1999,21.13
04/13/1999,22.16
04/14/1999,23.33
04/15/1999,25.22
04/16/1999,24.07
04/19/1999,23.59
04/20/1999,25.84
04/21/1999,24.86
04/22/1999,22.42
04/23/1999,22.6
04/26/1999,23.93
04/27/1999,23.04
04/28/1999,23.53
04/29/1999,24.5
04/30/1999,24.41
05/03/1999,24.41
05/04/1999,24.23
05/05/1999,25.72
05/06/1999,25.34
05/07/1999,26.15
05/10/1999,26.39
05/11/1999,25.86
05/12/1999,26.71
05/13/1999,25.56
05/14/1999,26.59
05/17/1999,27.98
05/18/1999,27.55
05/19/1999,25.86
05/20/1999,25.1
05/21/1999,24.12
05/24/1999,24.93
05/25/1999,27.71
05/26/1999,28.83
05/27/1999,27.59
05/28/1999,27.26
06/01/1999,27.12
06/02/1999,26.53
06/03/1999,25.82
06/04/1999,25.31
06/07/1999,24.4
06/08/1999,23.56
06/09/1999,23.84
06/10/1999,24.78
06/11/1999,24.87
06/14/1999,26.08
06/15/1999,26.16
06/16/1999,24.39
06/17/1999,22.74
06/18/1999,22.19
06/21/1999,22.32
06/22/1999,21.68
06/23/1999,22.21
06/24/1999,20.67
06/25/1999,21.36
06/28/1999,22.48
06/29/1999,23.54
06/30/1999,22.99
07/01/1999,20.57
07/02/1999,19.24
07/06/1999,19.93
07/07/1999,21.11
07/08/1999,20.97
07/09/1999,18.55
07/12/1999,19.3
07/13/1999,19.35
07/14/1999,19.44
07/15/1999,18.67
07/16/1999,18.05
07/19/1999,18.5
07/20/1999,19.96
07/21/1999,21.26
07/22/1999,21.9
07/23/1999,22.36
07/26/1999,24.76
07/27/1999,24.45
07/28/1999,23.34
07/29/1999,23.51
07/30/1999,23.81
08/02/1999,25.75
08/03/1999,25.25
08/04/1999,25.63
08/05/1999,28.83
08/06/1999,26.31
08/09/1999,27.41
08/10/1999,27.61
08/11/1999,27.19
08/12/1999,24.58
08/13/1999,23.66
08/16/1999,23.75
08/17/1999,22.09
08/18/1999,22.78
08/19/1999,24.57
08/20/1999,24.05
08/23/1999,23.13
08/24/1999,23.41
08/25/1999,21.92
08/26/1999,20.25
08/27/1999,20.9
08/30/1999,23.3
08/31/1999,24.41
09/01/1999,23.86
09/02/1999,24.25
09/03/1999,21.5
09/07/1999,22.4
09/08/1999,24.21
09/09/1999,23.91
09/10/1999,22.19
09/13/1999,22.8
09/14/1999,23.38
09/15/1999,22.97
09/16/1999,25.46
09/17/1999,24.33
09/20/1999,24.08
09/21/1999,24.51
09/22/1999,25.88
09/23/1999,24.13
09/24/1999,28.2
09/27/1999,27.06
09/28/1999,26.34
09/29/1999,25.51
09/30/1999,26.15
10/01/1999,25.58
10/04/1999,25.26
10/05/1999,24.68
10/06/1999,23.72
10/07/1999,22.44
10/08/1999,22.44
10/11/1999,20.71
10/12/1999,21.56
10/13/1999,22.62
10/14/1999,26.68
10/15/1999,27.31
10/18/1999,29.34
10/19/1999,26.25
10/20/1999,25.15
10/21/1999,25.53
10/22/1999,22.02
10/25/1999,23.78
10/26/1999,22.94
10/27/1999,24.32
10/28/1999,22.37
10/29/1999,20.63
11/01/1999,22.7
11/02/1999,22.09
11/03/1999,23.08
11/04/1999,22.47
11/05/1999,21.47
11/08/1999,22.57
11/09/1999,22.06
11/10/1999,22.6
11/11/1999,22.24
11/12/1999,21.99
11/15/1999,21.78
11/16/1999,22.13
11/17/1999,20.78
11/18/1999,20.59
11/19/1999,18.8
11/22/1999,20.37
11/23/1999,21.07
11/24/1999,20.7
11/26/1999,20.35
11/29/1999,24.27
11/30/1999,23.81
12/01/1999,23.41
12/02/1999,21.69
12/03/1999,19.74
12/06/1999,21.12
12/07/1999,20.93
12/08/1999,21.21
12/09/1999,20.8
12/10/1999,21.61
12/13/1999,21.96
12/14/1999,22.25
12/15/1999,23.25
12/16/1999,21.36
12/17/1999,21.39
12/20/1999,22.18
12/21/1999,22.98
12/22/1999,22.14
12/23/1999,21.59
12/27/1999,22.88
12/28/1999,23.61
12/29/1999,23.08
12/30/1999,23.51
01/03/2000,24.36
01/04/2000,24.94
01/05/2000,27.98
01/06/2000,26.68
01/07/2000,25.14
01/10/2000,21.89
01/11/2000,21.98
01/12/2000,23.05
01/13/2000,22.73
01/14/2000,19.83
01/18/2000,21.39
01/19/2000,22.15
01/20/2000,21.31
01/21/2000,21.55
01/24/2000,21.43
01/25/2000,23.79
01/26/2000,22.91
01/27/2000,22.37
01/28/2000,23.75
01/31/2000,26.78
02/01/2000,24.43
02/02/2000,23.02
02/03/2000,22.72
02/04/2000,20.77
02/07/2000,22.97
02/08/2000,21.68
02/09/2000,21.54
02/10/2000,23.36
02/11/2000,22.94
02/14/2000,24.67
02/15/2000,24.08
02/16/2000,23.2
02/17/2000,22.9
02/18/2000,23.37
02/22/2000,25.91
02/23/2000,25.2
02/24/2000,24.18
02/25/2000,24.13
02/28/2000,25.9
02/29/2000,23.76
03/01/2000,22.65
03/02/2000,21.62
03/03/2000,19.98
03/06/2000,20.38
03/07/2000,22.24
03/08/2000,24.57
03/09/2000,24.18
03/10/2000,20.89
03/13/2000,23.03
03/14/2000,22.75
03/15/2000,24.66
03/16/2000,21.65
03/17/2000,21.26
03/20/2000,22.31
03/21/2000,23.45
03/22/2000,21.91
03/23/2000,21.82
03/24/2000,22.45
03/27/2000,24.35
03/28/2000,24.99
03/29/2000,24.37
03/30/2000,23.95
03/31/2000,24.78
04/03/2000,24.99
04/04/2000,23.5
04/05/2000,28.56
04/06/2000,27.71
04/07/2000,25.64
04/10/2000,25.44
04/11/2000,27.67
04/12/2000,27.19
04/13/2000,28.46
04/14/2000,30.09
04/17/2000,33.7
04/18/2000,27.93
04/19/2000,26.54
04/20/2000,26.54
04/24/2000,27.79
04/25/2000,26.26
04/26/2000,25.39
04/27/2000,29.43
04/28/2000,25.62
05/01/2000,26.07
05/02/2000,26.81
05/03/2000,30
05/04/2000,31.45
05/05/2000,29.49
05/08/2000,28.8
05/09/2000,28.25
05/10/2000,29.68
05/11/2000,29.07
05/12/2000,26.33
05/15/2000,26.47
05/16/2000,24.46
05/17/2000,24.62
05/18/2000,23.42
05/19/2000,24.85
05/22/2000,26.25
05/23/2000,25.75
05/24/2000,25.96
05/25/2000,23.87
05/26/2000,24.61
05/30/2000,24.59
05/31/2000,24.09
06/01/2000,23.2
06/02/2000,21.32
06/05/2000,23.06
06/06/2000,23.2
06/07/2000,23.17
06/08/2000,23.36
06/09/2000,22.08
06/12/2000,22.22
06/13/2000,23.28
06/14/2000,21.61
06/15/2000,21.42
06/16/2000,20.54
06/19/2000,21.16
06/20/2000,20.81
06/21/2000,21.06
06/22/2000,21.54
06/23/2000,22.13
06/26/2000,24.85
06/27/2000,22.1
06/28/2000,21.87
06/29/2000,20.76
06/30/2000,19.68
07/03/2000,20.51
07/05/2000,20.63
07/06/2000,20.77
07/07/2000,19.68
07/10/2000,20.2
07/11/2000,19.64
07/12/2000,20.29
07/13/2000,19.9
07/14/2000,19.21
07/17/2000,20.02
07/18/2000,19.7
07/19/2000,19.28
07/20/2000,19.05
07/21/2000,19.04
07/24/2000,19.35
07/25/2000,19.46
07/26/2000,19.63
07/27/2000,19.26
07/28/2000,19.33
07/31/2000,20.98
08/01/2000,20.66
08/02/2000,20.2
08/03/2000,20.29
08/04/2000,18.75
08/07/2000,19.31
08/08/2000,18.89
08/09/2000,18.78
08/10/2000,18.97
08/11/2000,19.26
08/14/2000,18.98
08/15/2000,17.97
08/16/2000,17.81
08/17/2000,18
08/18/2000,17.17
08/21/2000,17.71
08/22/2000,17.83
08/23/2000,17.59
08/24/2000,17.42
08/25/2000,16.96
08/28/2000,17.11
08/29/2000,16.84
08/30/2000,17.13
08/31/2000,17.44
09/01/2000,16.81
09/05/2000,19.18
09/06/2000,19.7
09/07/2000,20.47
09/08/2000,18.81
09/11/2000,19.03
09/12/2000,18.33
09/13/2000,18.76
09/14/2000,18.24
09/15/2000,18.09
09/18/2000,18.88
09/19/2000,20.22
09/20/2000,19.99
09/21/2000,20.17
09/22/2000,22.09
09/25/2000,20.85
09/26/2000,21.5
09/27/2000,21.71
09/28/2000,21.28
09/29/2000,19.88
10/02/2000,20.98
10/03/2000,20.99
10/04/2000,22.18
10/05/2000,21.02
10/06/2000,20.53
10/09/2000,23.92
10/10/2000,23.77
10/11/2000,26.23
10/12/2000,27.21
10/13/2000,29.34
10/16/2000,27.33
10/17/2000,26.19
10/18/2000,30.7
10/19/2000,26.8
10/20/2000,24.63
10/23/2000,24.58
10/24/2000,24.14
10/25/2000,25.58
10/26/2000,26.64
10/27/2000,27.42
10/30/2000,26.23
10/31/2000,24.77
11/01/2000,24.07
11/02/2000,23.71
11/03/2000,24.05
11/06/2000,24.53
11/07/2000,25.12
11/08/2000,24.87
11/09/2000,26.79
11/10/2000,28.07
11/13/2000,29.13
11/14/2000,27.93
11/15/2000,27.24
11/16/2000,25.82
11/17/2000,25.5
11/20/2000,26.49
11/21/2000,27.43
11/22/2000,26.91
11/24/2000,27.32
11/27/2000,26.12
11/28/2000,26.99
11/29/2000,27.88
11/30/2000,28.64
12/01/2000,28.31
12/04/2000,28.55
12/05/2000,27.28
12/06/2000,24.32
12/07/2000,25.46
12/08/2000,23.74
12/11/2000,23.8
12/12/2000,24.03
12/13/2000,23.69
12/14/2000,23.4
12/15/2000,25.43
12/18/2000,26.79
12/19/2000,27.35
12/20/2000,29.95
12/21/2000,31.97
12/22/2000,28.75
12/26/2000,28.47
12/27/2000,28.88
12/28/2000,27.99
12/29/2000,26.35
01/02/2001,27.93
01/03/2001,29.63
01/04/2001,26.35
01/05/2001,27.81
01/08/2001,29.98
01/09/2001,29.47
01/10/2001,28.44
01/11/2001,26.68
01/12/2001,25.31
01/16/2001,25.59
01/17/2001,24.4
01/18/2001,24.48
01/19/2001,23.62
01/22/2001,24.27
01/23/2001,23
01/24/2001,21.98
01/25/2001,22.44
01/26/2001,22.52
01/29/2001,22.8
01/30/2001,23.07
01/31/2001,22.94
02/01/2001,22.39
02/02/2001,20.87
02/05/2001,22.75
02/06/2001,22.04
02/07/2001,21.63
02/08/2001,21.46
02/09/2001,21.67
02/12/2001,23.06
02/13/2001,21.64
02/14/2001,21.84
02/15/2001,21.51
02/16/2001,21.65
02/20/2001,23.43
02/21/2001,24.81
02/22/2001,25.96
02/23/2001,27.18
02/26/2001,27.18
02/27/2001,25.57
02/28/2001,26.37
03/01/2001,29.66
03/02/2001,29.08
03/05/2001,28.32
03/06/2001,26.26
03/07/2001,25.28
03/08/2001,24.42
03/09/2001,24.47
03/12/2001,27.88
03/13/2001,30.77
03/14/2001,30.37
03/15/2001,28.53
03/16/2001,28.78
03/19/2001,30.61
03/20/2001,30.02
03/21/2001,31.41
03/22/2001,32.41
03/23/2001,33
03/26/2001,30
03/27/2001,28.52
03/28/2001,28.26
03/29/2001,29.27
03/30/2001,28.76
04/02/2001,29.4
04/03/2001,32.92
04/04/2001,34.28
04/05/2001,32.51
04/06/2001,30.39
04/09/2001,31.94
04/10/2001,30.67
04/11/2001,28.94
04/12/2001,28.09
04/16/2001,26.85
04/17/2001,26.04
04/18/2001,24.58
04/19/2001,24.51
04/20/2001,24.67
04/23/2001,27.35
04/24/2001,27.7
04/25/2001,28.64
04/26/2001,26.41
04/27/2001,25
04/30/2001,24.21
05/01/2001,25.46
05/02/2001,24.6
05/03/2001,25.52
05/04/2001,26.49
05/07/2001,25.1
05/08/2001,24.49
05/09/2001,24.94
05/10/2001,23.69
05/11/2001,23.14
05/14/2001,24.23
05/15/2001,24.41
05/16/2001,23.17
05/17/2001,22.5
05/18/2001,21.46
05/21/2001,21.9
05/22/2001,21.53
05/23/2001,21.6
05/24/2001,21.85
05/25/2001,20.6
05/29/2001,22.16
05/30/2001,22.4
05/31/2001,22.96
06/01/2001,23.02
06/04/2001,21.64
06/05/2001,20.8
06/06/2001,20.09
06/07/2001,20.35
06/08/2001,19.62
06/11/2001,20.62
06/12/2001,21.21
06/13/2001,20.79
06/14/2001,22.13
06/15/2001,23.98
06/18/2001,23.26
06/19/2001,22.4
06/20/2001,22.05
06/21/2001,21.31
06/22/2001,19.82
06/25/2001,20.36
06/26/2001,21.45
06/27/2001,21.55
06/28/2001,20.18
06/29/2001,19.9
07/02/2001,19.75
07/03/2001,19.21
07/05/2001,20.14
07/06/2001,20.96
07/09/2001,22.71
07/10/2001,22.28
07/11/2001,24.17
07/12/2001,23.29
07/13/2001,22.03
07/16/2001,21.69
07/17/2001,23.54
07/18/2001,23.19
07/19/2001,22.58
07/20/2001,22.67
07/23/2001,22.64
07/24/2001,24.2
07/25/2001,24.92
07/26/2001,24.02
07/27/2001,23.02
07/30/2001,22.48
07/31/2001,22.31
08/01/2001,20.97
08/02/2001,20.33
08/03/2001,20.23
08/06/2001,21.07
08/07/2001,21.43
08/08/2001,21.52
08/09/2001,22.02
08/10/2001,20.56
08/13/2001,20.58
08/14/2001,19.95
08/15/2001,20.14
08/16/2001,21.26
08/17/2001,21.94
08/20/2001,24.83
08/21/2001,22.55
08/22/2001,22.71
08/23/2001,22.05
08/24/2001,21.3
08/27/2001,20.5
08/28/2001,20.9
08/29/2001,21.85
08/30/2001,23.16
08/31/2001,25.31
09/04/2001,26.11
09/05/2001,26.22
09/06/2001,27.23
09/07/2001,29.89
09/10/2001,33.11
09/17/2001,43.2
09/18/2001,41.07
09/19/2001,37.88
09/20/2001,41.4
09/21/2001,48.93
09/24/2001,41.32
09/25/2001,37.06
09/26/2001,35
09/27/2001,35.45
09/28/2001,33.08
10/01/2001,33.42
10/02/2001,32.41
10/03/2001,32.4
10/04/2001,31.37
10/05/2001,32.68
10/08/2001,35.66
10/09/2001,35.25
10/10/2001,34.17
10/11/2001,30.93
10/12/2001,32.48
10/15/2001,36.75
10/16/2001,34.81
10/17/2001,32.44
10/18/2001,35.42
10/19/2001,34.76
10/22/2001,34.47
10/23/2001,32.24
10/24/2001,31.74
10/25/2001,32.4
10/26/2001,30.02
10/29/2001,30.43
10/30/2001,33.24
10/31/2001,33.12
11/01/2001,33.97
11/02/2001,32.45
11/05/2001,31.14
11/06/2001,30.64
11/07/2001,29.41
11/08/2001,28.51
11/09/2001,28.99
11/12/2001,31.94
11/13/2001,27.95
11/14/2001,26.27
11/15/2001,26.33
11/16/2001,25.76
11/19/2001,25.43
11/20/2001,24.35
11/21/2001,23.86
11/23/2001,23.93
11/26/2001,24.22
11/27/2001,23.6
11/28/2001,24.57
11/29/2001,26.16
11/30/2001,25.05
12/03/2001,25.92
12/04/2001,25.41
12/05/2001,23.15
12/06/2001,23.5
12/07/2001,23.76
12/10/2001,24.97
12/11/2001,25.25
12/12/2001,25
12/13/2001,25.48
12/14/2001,25.28
12/17/2001,25.02
12/18/2001,23.43
12/19/2001,23.34
12/20/2001,22.56
12/21/2001,23.13
12/24/2001,23.06
12/26/2001,22.36
12/27/2001,22.01
12/28/2001,21.4
12/31/2001,22.5
01/02/2002,23.78
01/03/2002,22.22
01/04/2002,20.97
01/07/2002,21.41
01/08/2002,21.63
01/09/2002,21.3
01/10/2002,22.28
01/11/2002,22.29
01/14/2002,23.94
01/15/2002,23.39
01/16/2002,23.42
01/17/2002,23.34
01/18/2002,22.97
01/22/2002,22.93
01/23/2002,23.35
01/24/2002,21.19
01/25/2002,21.36
01/28/2002,21.24
01/29/2002,20.92
01/30/2002,24.58
01/31/2002,22.45
02/01/2002,21.12
02/04/2002,22.77
02/05/2002,25.26
02/06/2002,25.53
02/07/2002,25.99
02/08/2002,24.56
02/11/2002,24.04
02/12/2002,22.3
02/13/2002,20.92
02/14/2002,21.92
02/15/2002,21.98
02/19/2002,23.92
02/20/2002,23.78
02/21/2002,22.59
02/22/2002,24.04
02/25/2002,23.09
02/26/2002,21.36
02/27/2002,21.18
02/28/2002,21.12
03/01/2002,21.06
03/04/2002,20.69
03/05/2002,20.76
03/06/2002,20.27
03/07/2002,20.72
03/08/2002,19.76
03/11/2002,20.66
03/12/2002,20.52
03/13/2002,19.83
03/14/2002,19.45
03/15/2002,18.77
03/18/2002,18.79
03/19/2002,18.5
03/20/2002,18.7
03/21/2002,18.61
03/22/2002,18.34
03/25/2002,18.18
03/26/2002,18.44
03/27/2002,18.1
03/28/2002,17.23
04/01/2002,18.99
04/02/2002,19.12
04/03/2002,19.41
04/04/2002,19.9
04/05/2002,19.33
04/08/2002,20.35
04/09/2002,19.31
04/10/2002,19.22
04/11/2002,18.72
04/12/2002,19.96
04/15/2002,20.13
04/16/2002,18.58
04/17/2002,18.34
04/18/2002,17.82
04/19/2002,18.41
04/22/2002,19.41
04/23/2002,19.23
04/24/2002,20.01
04/25/2002,21.56
04/26/2002,20.72
04/29/2002,23.23
04/30/2002,24.03
05/01/2002,21.44
05/02/2002,20.11
05/03/2002,20.25
05/06/2002,20.99
05/07/2002,22.38
05/08/2002,21.3
05/09/2002,20.84
05/10/2002,21.83
05/13/2002,22.25
05/14/2002,19.87
05/15/2002,19.5
05/16/2002,19.31
05/17/2002,18.01
05/20/2002,18.76
05/21/2002,19.04
05/22/2002,20.25
05/23/2002,19.05
05/24/2002,18.22
05/28/2002,20.21
05/29/2002,20.41
05/30/2002,20.88
05/31/2002,20.26
06/03/2002,20.98
06/04/2002,23.6
06/05/2002,23.52
06/06/2002,22.97
06/07/2002,25.96
06/10/2002,24.18
06/11/2002,23.11
06/12/2002,24.18
06/13/2002,24.65
06/14/2002,28.43
06/17/2002,25.92
06/18/2002,24.75
06/19/2002,25.05
06/20/2002,26.1
06/21/2002,28.38
06/24/2002,27.93
06/25/2002,26.41
06/26/2002,29.99
06/27/2002,27.67
06/28/2002,25.74
07/01/2002,25.71
07/02/2002,27.56
07/03/2002,28.88
07/05/2002,27.3
07/08/2002,28.54
07/09/2002,27.96
07/10/2002,31.4
07/11/2002,34.42
07/12/2002,34.3
07/15/2002,35.07
07/16/2002,35.97
07/17/2002,34.25
07/18/2002,35.2
07/19/2002,36.42
07/22/2002,39.13
07/23/2002,42.27
07/24/2002,48.17
07/25/2002,40.65
07/26/2002,38.61
07/29/2002,33.89
07/30/2002,32.04
07/31/2002,32.78
08/01/2002,32.77
08/02/2002,37.53
08/05/2002,41.95
08/06/2002,43.06
08/07/2002,40.72
08/08/2002,38.53
08/09/2002,37.41
08/12/2002,37.23
08/13/2002,37.24
08/14/2002,35.56
08/15/2002,31.9
08/16/2002,29.88
08/19/2002,29.6
08/20/2002,29.52
08/21/2002,29.18
08/22/2002,28.64
08/23/2002,28.08
08/26/2002,30.73
08/27/2002,29.89
08/28/2002,31.24
08/29/2002,35.42
08/30/2002,33.64
09/03/2002,37.12
09/04/2002,39.21
09/05/2002,39.58
09/06/2002,36.88
09/09/2002,39.1
09/10/2002,35.98
09/11/2002,35.98
09/12/2002,36.24
09/13/2002,38.22
09/16/2002,37.34
09/17/2002,35.87
09/18/2002,38.68
09/19/2002,39.92
09/20/2002,39.93
09/23/2002,40.78
09/24/2002,40.95
09/25/2002,39.65
09/26/2002,36.09
09/27/2002,35.07
09/30/2002,41.07
10/01/2002,37.25
10/02/2002,35.16
10/03/2002,37.33
10/04/2002,39.18
10/07/2002,41.65
10/08/2002,42.09
10/09/2002,42.25
10/10/2002,39.13
10/11/2002,36.36
10/14/2002,36.92
10/15/2002,34.36
10/16/2002,34.91
10/17/2002,34.77
10/18/2002,34.6
10/21/2002,35.34
10/22/2002,34.39
10/23/2002,34.06
10/24/2002,32.99
10/25/2002,33.37
10/28/2002,30.78
10/29/2002,31.53
10/30/2002,32.5
10/31/2002,31.57
11/01/2002,31.57
11/04/2002,29.81
11/05/2002,31.01
11/06/2002,31.89
11/07/2002,31.42
11/08/2002,30.39
11/11/2002,30.63
11/12/2002,31.09
11/13/2002,31.21
11/14/2002,29.69
11/15/2002,27.92
11/18/2002,27.09
11/19/2002,28.12
11/20/2002,26.93
11/21/2002,24.6
11/22/2002,23.99
11/25/2002,23.92
11/26/2002,24.56
11/27/2002,25.15
11/29/2002,27.1
12/02/2002,28.35
12/03/2002,27.79
12/04/2002,29.1
12/05/2002,29.5
12/06/2002,30.64
12/09/2002,30.07
12/10/2002,30.44
12/11/2002,28.92
12/12/2002,27.95
12/13/2002,28.01
12/16/2002,28.25
12/17/2002,26.25
12/18/2002,27.29
12/19/2002,28.26
12/20/2002,28.59
12/23/2002,27.61
12/24/2002,26.39
12/26/2002,26.32
12/27/2002,27.72
12/30/2002,30.69
12/31/2002,29.08
01/02/2003,28.74
01/03/2003,25.55
01/06/2003,25.32
01/07/2003,25.13
01/08/2003,25.62
01/09/2003,24.9
01/10/2003,24.62
01/13/2003,24.95
01/14/2003,25.01
01/15/2003,24.85
01/16/2003,24.92
01/17/2003,25.39
01/21/2003,26.75
01/22/2003,28.16
01/23/2003,28.72
01/24/2003,28.47
01/27/2003,33.31
01/28/2003,34.42
01/29/2003,32.45
01/30/2003,31.38
01/31/2003,31.15
02/03/2003,32.45
02/04/2003,32.74
02/05/2003,32.76
02/06/2003,34.03
02/07/2003,33.3
02/10/2003,35.21
02/11/2003,33.18
02/12/2003,33.88
02/13/2003,34.99
02/14/2003,33.74
02/18/2003,32.12
02/19/2003,31.17
02/20/2003,30.97
02/21/2003,30.98
02/24/2003,31.46
02/25/2003,32.71
02/26/2003,32.12
02/27/2003,31.76
02/28/2003,29.84
03/03/2003,29.78
03/04/2003,31.05
03/05/2003,31.25
03/06/2003,31.04
03/07/2003,32.64
03/10/2003,33.37
03/11/2003,33.32
03/12/2003,33.69
03/13/2003,32.98
03/14/2003,30.85
03/17/2003,31.85
03/18/2003,31.51
03/19/2003,30.82
03/20/2003,31.81
03/21/2003,29.41
03/24/2003,30.53
03/25/2003,30.27
03/26/2003,28.62
03/27/2003,28.94
03/28/2003,28.21
03/31/2003,29.95
04/01/2003,29.58
04/02/2003,27.5
04/03/2003,28.32
04/04/2003,28.35
04/07/2003,28.86
04/08/2003,27.87
04/09/2003,27.08
04/10/2003,26.92
04/11/2003,24.42
04/14/2003,24.83
04/15/2003,23.24
04/16/2003,22.5
04/17/2003,22.11
04/21/2003,21.81
04/22/2003,21.83
04/23/2003,20.86
04/24/2003,21.03
04/25/2003,20.51
04/28/2003,20.89
04/29/2003,20.66
04/30/2003,21.04
05/01/2003,21.35
05/02/2003,21.09
05/05/2003,21.32
05/06/2003,21
05/07/2003,21.45
05/08/2003,21.66
05/09/2003,20.85
05/12/2003,19.96
05/13/2003,19.51
05/14/2003,20.02
05/15/2003,19.55
05/16/2003,19.26
05/19/2003,19.49
05/20/2003,20.49
05/21/2003,21.69
05/22/2003,20.99
05/23/2003,20.07
05/27/2003,20.68
05/28/2003,19.79
05/29/2003,19.72
05/30/2003,19.83
06/02/2003,20.35
06/03/2003,20.85
06/04/2003,20.95
06/05/2003,21.21
06/06/2003,20.41
06/09/2003,22.2
06/10/2003,21.87
06/11/2003,20.61
06/12/2003,20.74
06/13/2003,20.57
06/16/2003,21.28
06/17/2003,20.3
06/18/2003,20.25
06/19/2003,19.83
06/20/2003,19.54
06/23/2003,20.16
06/24/2003,20.29
06/25/2003,21.14
06/26/2003,20.19
06/27/2003,19.4
06/30/2003,19.31
07/01/2003,20.49
07/02/2003,18.91
07/03/2003,19.33
07/07/2003,19.99
07/08/2003,19.96
07/09/2003,19.5
07/10/2003,19.26
07/11/2003,18.75
07/14/2003,18.88
07/15/2003,19.7
07/16/2003,19.71
07/17/2003,19.8
07/18/2003,20.14
07/21/2003,20.06
07/22/2003,19.85
07/23/2003,19.44
07/24/2003,18.37
07/25/2003,18.6
07/28/2003,18.69
07/29/2003,18.6
07/30/2003,18.88
07/31/2003,18.82
08/01/2003,20.06
08/04/2003,22.16
08/05/2003,21.61
08/06/2003,23.26
08/07/2003,21.51
08/08/2003,19.78
08/11/2003,20.04
08/12/2003,19.11
08/13/2003,18.31
08/14/2003,18.96
08/15/2003,18.65
08/18/2003,18.72
08/19/2003,17.99
08/20/2003,18.07
08/21/2003,17.64
08/22/2003,17.74
08/25/2003,19.45
08/26/2003,19.77
08/27/2003,19.91
08/28/2003,19.09
08/29/2003,18.53
09/02/2003,19.31
09/03/2003,19.31
09/04/2003,19.58
09/05/2003,18.64
09/08/2003,18.3
09/09/2003,18.48
09/10/2003,19.26
09/11/2003,19.87
09/12/2003,20.58
09/15/2003,19.15
09/16/2003,18.94
09/17/2003,18.03
09/18/2003,18.14
09/19/2003,17.83
09/22/2003,19.08
09/23/2003,19.91
09/24/2003,19.53
09/25/2003,21.11
09/26/2003,22.28
09/29/2003,22.85
09/30/2003,22.04
10/01/2003,22.81
10/02/2003,21.23
10/03/2003,19.94
10/06/2003,20.69
10/07/2003,20.14
10/08/2003,19.26
10/09/2003,18.51
10/10/2003,18.92
10/13/2003,17.62
10/14/2003,17.4
10/15/2003,17.73
10/16/2003,17.58
10/17/2003,16.97
10/20/2003,17.84
10/21/2003,17.16
10/22/2003,17.1
10/23/2003,18.51
10/24/2003,18.25
10/27/2003,17.97
10/28/2003,17.79
10/29/2003,16.85
10/30/2003,18.45
10/31/2003,16.11
11/03/2003,16.33
11/04/2003,16.57
11/05/2003,16.99
11/06/2003,17
11/07/2003,16.63
11/10/2003,17.79
11/11/2003,18.14
11/12/2003,17.78
11/13/2003,17.05
11/14/2003,16.63
11/17/2003,18.14
11/18/2003,18.09
11/19/2003,19.14
11/20/2003,19.09
11/21/2003,19.08
11/24/2003,18.91
11/25/2003,17.4
11/26/2003,16.11
11/28/2003,16.51
12/01/2003,16.74
12/02/2003,16.89
12/03/2003,16.08
12/04/2003,16.48
12/05/2003,16.76
12/08/2003,17.55
12/09/2003,16.63
12/10/2003,17.66
12/11/2003,17.95
12/12/2003,16.19
12/15/2003,15.8
12/16/2003,17.27
12/17/2003,16.12
12/18/2003,15.59
12/19/2003,16.66
12/22/2003,17.06
12/23/2003,17.32
12/24/2003,16.65
12/26/2003,16.76
12/29/2003,17.81
12/30/2003,17.32
12/31/2003,17.49
01/02/2004,17.96
01/05/2004,18.45
01/06/2004,17.66
01/07/2004,16.72
01/08/2004,15.42
01/09/2004,16.15
01/12/2004,17.32
01/13/2004,16.6
01/14/2004,17.29
01/15/2004,17.07
01/16/2004,15.4
01/20/2004,15.77
01/21/2004,36.55
01/22/2004,14.2
01/23/2004,14.73
01/26/2004,15.78
01/27/2004,15.28
01/28/2004,15.37
01/29/2004,16.88
01/30/2004,16.55
02/02/2004,17.45
02/03/2004,17.29
02/04/2004,17.84
02/05/2004,17.91
02/06/2004,17.71
02/09/2004,16.54
02/10/2004,16.41
02/11/2004,15.9
02/12/2004,15.36
02/13/2004,15.12
02/17/2004,15.63
02/18/2004,15.51
02/19/2004,15.33
02/20/2004,15.85
02/23/2004,16.5
02/24/2004,16.38
02/25/2004,15.58
02/26/2004,15.32
02/27/2004,13.8
03/01/2004,14.91
03/02/2004,14.59
03/03/2004,14.73
03/04/2004,14.45
03/05/2004,14.81
03/08/2004,14.83
03/09/2004,15.57
03/10/2004,16.12
03/11/2004,18.81
03/12/2004,19.94
03/15/2004,18.98
03/16/2004,20.27
03/17/2004,19.54
03/18/2004,18.38
03/19/2004,17.98
03/22/2004,20.61
03/23/2004,21.06
03/24/2004,20.24
03/25/2004,19.58
03/26/2004,18.19
03/29/2004,17.11
03/30/2004,16.68
03/31/2004,16.33
04/01/2004,16.76
04/02/2004,15.21
04/05/2004,16.17
04/06/2004,15.35
04/07/2004,15.41
04/08/2004,14.96
04/12/2004,15.71
04/13/2004,15.29
04/14/2004,17.29
04/15/2004,16.02
04/16/2004,15.59
04/19/2004,15.73
04/20/2004,15.24
04/21/2004,16.61
04/22/2004,15.89
04/23/2004,12.89
04/26/2004,14.75
04/27/2004,15.05
04/28/2004,15.55
04/29/2004,16.36
04/30/2004,16.27
05/03/2004,17.69
05/04/2004,16.8
05/05/2004,16.43
05/06/2004,16.45
05/07/2004,17.22
05/10/2004,19.44
05/11/2004,19.23
05/12/2004,18.79
05/13/2004,18.78
05/14/2004,18.66
05/17/2004,19.7
05/18/2004,19.6
05/19/2004,18.48
05/20/2004,18.6
05/21/2004,18.73
05/24/2004,18.79
05/25/2004,18.41
05/26/2004,16.09
05/27/2004,15.74
05/28/2004,15.44
06/01/2004,16.6
06/02/2004,16.05
06/03/2004,16.43
06/04/2004,16.24
06/07/2004,16.6
06/08/2004,15.79
06/09/2004,14.56
06/10/2004,15.33
06/11/2004,15.04
06/14/2004,15.54
06/15/2004,15.34
06/16/2004,14.83
06/17/2004,15.06
06/18/2004,14.74
06/21/2004,15.61
06/22/2004,15.44
06/23/2004,14.6
06/24/2004,14.39
06/25/2004,14.78
06/28/2004,15.28
06/29/2004,15.22
06/30/2004,15.27
07/01/2004,14.74
07/02/2004,15.23
07/06/2004,16.25
07/07/2004,16.36
07/08/2004,15.86
07/09/2004,16.01
07/12/2004,15.25
07/13/2004,14.86
07/14/2004,14.9
07/15/2004,13.94
07/16/2004,14.27
07/19/2004,15.17
07/20/2004,15.53
07/21/2004,14
07/22/2004,16.65
07/23/2004,15.82
07/26/2004,17.22
07/27/2004,17.24
07/28/2004,16.77
07/29/2004,16
07/30/2004,15.85
08/02/2004,16.42
08/03/2004,15.56
08/04/2004,16.33
08/05/2004,16.19
08/06/2004,18.21
08/09/2004,19.97
08/10/2004,18.8
08/11/2004,18.15
08/12/2004,18.61
08/13/2004,18.91
08/16/2004,19.28
08/17/2004,16.58
08/18/2004,17.55
08/19/2004,16.54
08/20/2004,16.99
08/23/2004,16.68
08/24/2004,15.63
08/25/2004,15.4
08/26/2004,15.22
08/27/2004,14.91
08/30/2004,15.35
08/31/2004,15.64
09/01/2004,15.39
09/02/2004,14.97
09/03/2004,14.36
09/07/2004,14.52
09/08/2004,13.41
09/09/2004,14.12
09/10/2004,13.9
09/13/2004,13.64
09/14/2004,13.5
09/15/2004,13.88
09/16/2004,14.29
09/17/2004,14.11
09/20/2004,13.98
09/21/2004,15.98
09/22/2004,15.28
09/23/2004,14.85
09/24/2004,14.93
09/27/2004,14.86
09/28/2004,14.73
09/29/2004,14.09
09/30/2004,13.49
10/01/2004,13.11
10/04/2004,13.05
10/05/2004,13.51
10/06/2004,14.01
10/07/2004,13.33
10/08/2004,14.7
10/11/2004,14.69
10/12/2004,15.21
10/13/2004,13.92
10/14/2004,15.22
10/15/2004,16.28
10/18/2004,16.16
10/19/2004,16.32
10/20/2004,15.46
10/21/2004,14.98
10/22/2004,14.59
10/25/2004,16.07
10/26/2004,19.54
10/27/2004,16.48
10/28/2004,16.02
10/29/2004,15.83
11/01/2004,16.43
11/02/2004,15.99
11/03/2004,15.05
11/04/2004,13.83
11/05/2004,13.67
11/08/2004,2.58
11/09/2004,12.89
11/10/2004,13.16
11/11/2004,13.11
11/12/2004,13.24
11/15/2004,14.05
11/16/2004,13.41
11/17/2004,13.2
11/18/2004,13.22
11/19/2004,12.79
11/22/2004,13.71
11/23/2004,12.78
11/24/2004,12.58
11/26/2004,14.98
11/29/2004,12.99
11/30/2004,13.27
12/01/2004,13.1
12/02/2004,12.97
12/03/2004,13.02
12/06/2004,12.95
12/07/2004,13.07
12/08/2004,13.52
12/09/2004,13.52
12/10/2004,13.05
12/13/2004,12.37
12/14/2004,12.55
12/15/2004,12.41
12/16/2004,12.34
12/17/2004,12.34
12/20/2004,12.26
12/21/2004,11.78
12/22/2004,11.42
12/23/2004,11.41
12/27/2004,11.53
12/28/2004,12.25
12/29/2004,11.61
12/30/2004,12.25
12/31/2004,12.42
01/03/2005,13.39
01/04/2005,14.01
01/05/2005,13.98
01/06/2005,14.09
01/07/2005,13.47
01/10/2005,13.92
01/11/2005,13.44
01/12/2005,13.94
01/13/2005,12.7
01/14/2005,12.68
01/18/2005,13.13
01/19/2005,12.47
01/20/2005,13.37
01/21/2005,13.75
01/24/2005,14.38
01/25/2005,14.34
01/26/2005,13.84
01/27/2005,13.5
01/28/2005,13.15
01/31/2005,13.63
02/01/2005,12.8
02/02/2005,12.01
02/03/2005,12.03
02/04/2005,11.97
02/07/2005,11.53
02/08/2005,11.66
02/09/2005,11.52
02/10/2005,11.98
02/11/2005,11.64
02/14/2005,11.28
02/15/2005,11.57
02/16/2005,11.4
02/17/2005,11.25
02/18/2005,11.99
02/22/2005,12.18
02/23/2005,12.94
02/24/2005,12.51
02/25/2005,11.75
02/28/2005,11.89
03/01/2005,11.95
03/02/2005,12.88
03/03/2005,12.28
03/04/2005,12.49
03/07/2005,12.36
03/08/2005,12.06
03/09/2005,12.23
03/10/2005,12.62
03/11/2005,12.29
03/14/2005,12.82
03/15/2005,12.44
03/16/2005,13.3
03/17/2005,13.25
03/18/2005,13.65
03/21/2005,13.62
03/22/2005,13.76
03/23/2005,14.61
03/24/2005,13.86
03/28/2005,14.01
03/29/2005,13.96
03/30/2005,14.47
03/31/2005,13.71
04/01/2005,13.64
04/04/2005,14.53
04/05/2005,14.1
04/06/2005,13.75
04/07/2005,12.92
04/08/2005,12.06
04/11/2005,12.09
04/12/2005,11.66
04/13/2005,11.68
04/14/2005,13.4
04/15/2005,14.92
04/18/2005,18.33
04/19/2005,15.28
04/20/2005,14.86
04/21/2005,16.22
04/22/2005,14.54
04/25/2005,15.29
04/26/2005,14.27
04/27/2005,14.62
04/28/2005,14.19
04/29/2005,15.75
05/02/2005,15.45
05/03/2005,17.89
05/04/2005,14.44
05/05/2005,13.48
05/06/2005,13.29
05/09/2005,14.11
05/10/2005,14.05
05/11/2005,14.69
05/12/2005,14.43
05/13/2005,15.88
05/16/2005,16.87
05/17/2005,15.92
05/18/2005,14.11
05/19/2005,13.35
05/20/2005,13.57
05/23/2005,13.38
05/24/2005,13.12
05/25/2005,12.83
05/26/2005,12.23
05/27/2005,12.06
05/31/2005,12.69
06/01/2005,13.34
06/02/2005,12.35
06/03/2005,11.78
06/06/2005,12.68
06/07/2005,12.22
06/08/2005,13.1
06/09/2005,12.69
06/10/2005,12.16
06/13/2005,12.12
06/14/2005,11.65
06/15/2005,11.22
06/16/2005,11.24
06/17/2005,10.83
06/20/2005,12.51
06/21/2005,11.52
06/22/2005,10.96
06/23/2005,11.19
06/24/2005,12.27
06/27/2005,12.73
06/28/2005,12.31
06/29/2005,11.54
06/30/2005,11.72
07/01/2005,11.75
07/05/2005,12.41
07/06/2005,11.67
07/07/2005,13.91
07/08/2005,12.24
07/11/2005,10.96
07/12/2005,11.03
07/13/2005,11.09
07/14/2005,10.87
07/15/2005,10.61
07/18/2005,11.09
07/19/2005,10.63
07/20/2005,10.8
07/21/2005,10.23
07/22/2005,11.01
07/25/2005,11.12
07/26/2005,11.11
07/27/2005,11.03
07/28/2005,10.4
07/29/2005,10.24
08/01/2005,11.75
08/02/2005,12
08/03/2005,11.9
08/04/2005,12.12
08/05/2005,11.82
08/08/2005,12.56
08/09/2005,12.25
08/10/2005,12.03
08/11/2005,12.34
08/12/2005,12.36
08/15/2005,12.87
08/16/2005,12.37
08/17/2005,13.35
08/18/2005,13.47
08/19/2005,12.84
08/22/2005,13.67
08/23/2005,13.63
08/24/2005,13.56
08/25/2005,13.92
08/26/2005,13.79
08/29/2005,14.34
08/30/2005,13.49
08/31/2005,13.37
09/01/2005,12.86
09/02/2005,13.21
09/06/2005,14.17
09/07/2005,13.06
09/08/2005,12.72
09/09/2005,12.46
09/12/2005,11.66
09/13/2005,11.76
09/14/2005,12.79
09/15/2005,12.72
09/16/2005,11.89
09/19/2005,12.17
09/20/2005,12.23
09/21/2005,13.07
09/22/2005,13.85
09/23/2005,13.64
09/26/2005,13.27
09/27/2005,13.06
09/28/2005,12.6
09/29/2005,12.92
09/30/2005,12.42
10/03/2005,12.37
10/04/2005,12.5
10/05/2005,13.15
10/06/2005,14.53
10/07/2005,14.56
10/10/2005,14.93
10/11/2005,15.35
10/12/2005,15.56
10/13/2005,16.32
10/14/2005,15.99
10/17/2005,15.3
10/18/2005,14.92
10/19/2005,15.63
10/20/2005,14.18
10/21/2005,15.53
10/24/2005,16.18
10/25/2005,14.96
10/26/2005,14.8
10/27/2005,14.73
10/28/2005,15.45
10/31/2005,14.04
11/01/2005,14.85
11/02/2005,14.99
11/03/2005,13.12
11/04/2005,12.88
11/07/2005,13.11
11/08/2005,13.61
11/09/2005,13.14
11/10/2005,12.68
11/11/2005,11.82
11/14/2005,11.99
11/15/2005,12.16
11/16/2005,12.22
11/17/2005,11.92
11/18/2005,11.19
11/21/2005,11.18
11/22/2005,11.01
11/23/2005,10.96
11/25/2005,11.04
11/28/2005,11.34
11/29/2005,11.77
11/30/2005,11.84
12/01/2005,12.09
12/02/2005,11.1
12/05/2005,11.45
12/06/2005,11.16
12/07/2005,11.49
12/08/2005,11.88
12/09/2005,11.91
12/12/2005,10.86
12/13/2005,11.18
12/14/2005,10.75
12/15/2005,10.66
12/16/2005,10.7
12/19/2005,11.11
12/20/2005,11.32
12/21/2005,10.71
12/22/2005,10.82
12/23/2005,10.37
12/27/2005,10.97
12/28/2005,11.55
12/29/2005,11.36
12/30/2005,11.96
01/03/2006,12.25
01/04/2006,11.22
01/05/2006,11.43
01/06/2006,11.23
01/09/2006,11.35
01/10/2006,11.39
01/11/2006,11.03
01/12/2006,10.98
01/13/2006,11.4
01/17/2006,12.13
01/18/2006,12.62
01/19/2006,12.12
01/20/2006,12.1
01/23/2006,14.44
01/24/2006,13.79
01/25/2006,12.95
01/26/2006,12.89
01/27/2006,12.27
01/30/2006,12.22
01/31/2006,12.45
02/01/2006,13.03
02/02/2006,12.54
02/03/2006,13.37
02/06/2006,13.43
02/07/2006,13.2
02/08/2006,41.6
02/09/2006,12.56
02/10/2006,13.35
02/13/2006,13.34
02/14/2006,13.09
02/15/2006,12.43
02/16/2006,12.19
02/17/2006,11.64
02/21/2006,12.36
02/22/2006,12.27
02/23/2006,11.86
02/24/2006,11.94
02/27/2006,11.79
02/28/2006,11.74
03/01/2006,12.05
03/02/2006,11.79
03/03/2006,12.03
03/06/2006,12.22
03/07/2006,12.92
03/08/2006,12.83
03/09/2006,12.21
03/10/2006,12.52
03/13/2006,11.72
03/14/2006,11.61
03/15/2006,11.17
03/16/2006,10.59
03/17/2006,11.56
03/20/2006,11.23
03/21/2006,11.71
03/22/2006,11.71
03/23/2006,11.19
03/24/2006,11.23
03/27/2006,11.46
03/28/2006,11.69
03/29/2006,11.46
03/30/2006,11.03
03/31/2006,11.42
04/03/2006,11.47
04/04/2006,11.66
04/05/2006,11.24
04/06/2006,11.34
04/07/2006,11.44
04/10/2006,12.44
04/11/2006,12.09
04/12/2006,13.08
04/13/2006,12.93
04/17/2006,12.8
04/18/2006,12.55
04/19/2006,11.52
04/20/2006,11.3
04/21/2006,11.24
04/24/2006,12.26
04/25/2006,11.71
04/26/2006,11.76
04/27/2006,12.27
04/28/2006,12.13
05/01/2006,11.83
05/02/2006,12.2
05/03/2006,12.21
05/05/2006,11.39
05/08/2006,11.98
05/09/2006,12.1
05/10/2006,12.22
05/11/2006,12.33
05/12/2006,12.71
05/15/2006,15.12
05/16/2006,13.49
05/17/2006,13.83
05/18/2006,15.54
05/19/2006,16.16
05/22/2006,18.55
05/23/2006,16.7
05/24/2006,17.87
05/25/2006,16.67
05/26/2006,14.92
05/30/2006,15.39
05/31/2006,18.09
06/01/2006,16.47
06/02/2006,14.17
06/05/2006,14.97
06/06/2006,16.72
06/07/2006,15.83
06/08/2006,17.92
06/09/2006,17.9
06/12/2006,18.13
06/13/2006,20.95
06/14/2006,23.45
06/15/2006,21.05
06/16/2006,16.56
06/19/2006,16.06
06/20/2006,17.52
06/21/2006,16.67
06/22/2006,15.95
06/23/2006,16.41
06/26/2006,16.55
06/27/2006,15.58
06/28/2006,16.02
06/29/2006,15.28
06/30/2006,12.9
07/03/2006,13.29
07/05/2006,13.92
07/06/2006,14.04
07/07/2006,13.9
07/10/2006,14.17
07/11/2006,14.31
07/12/2006,13.39
07/13/2006,15.17
07/14/2006,17.57
07/17/2006,18.73
07/18/2006,18.2
07/19/2006,17.62
07/20/2006,15.1
07/21/2006,16.23
07/24/2006,17.08
07/25/2006,15.44
07/26/2006,15.04
07/27/2006,14.26
07/28/2006,14.73
07/31/2006,15.01
08/01/2006,15.49
08/02/2006,14.93
08/03/2006,15.1
08/04/2006,14.03
08/07/2006,14.98
08/08/2006,15.2
08/09/2006,14.76
08/10/2006,15.56
08/11/2006,14.72
08/14/2006,14.15
08/15/2006,13.57
08/16/2006,12.69
08/17/2006,12.69
08/18/2006,12.11
08/21/2006,12.4
08/22/2006,12.42
08/23/2006,12.26
08/24/2006,12.24
08/25/2006,12.41
08/28/2006,12.92
08/29/2006,12.27
08/30/2006,12.14
08/31/2006,12.23
09/01/2006,12.14
09/05/2006,12.8
09/06/2006,13.06
09/07/2006,14.07
09/08/2006,13.79
09/11/2006,13.95
09/12/2006,13.04
09/13/2006,10.72
09/14/2006,11.36
09/15/2006,11.49
09/18/2006,12.28
09/19/2006,11.96
09/20/2006,11.75
09/21/2006,11.43
09/22/2006,12.47
09/25/2006,12.97
09/26/2006,12.23
09/27/2006,11.65
09/28/2006,11.64
09/29/2006,11.75
10/02/2006,12.45
10/03/2006,12.68
10/04/2006,12.64
10/05/2006,11.94
10/06/2006,11.99
10/09/2006,12.07
10/10/2006,11.77
10/11/2006,11.75
10/12/2006,11.5
10/13/2006,11.17
10/16/2006,11.07
10/17/2006,11.36
10/18/2006,11.44
10/19/2006,11.51
10/20/2006,11.06
10/23/2006,11.15
10/24/2006,11.25
10/25/2006,10.88
10/26/2006,10.56
10/27/2006,10.66
10/30/2006,11.36
10/31/2006,11.1
11/01/2006,10.93
11/02/2006,11.61
11/03/2006,11.16
11/06/2006,11.39
11/07/2006,11.06
11/08/2006,11.41
11/09/2006,10.65
11/10/2006,11.01
11/13/2006,11.19
11/14/2006,10.89
11/15/2006,10.47
11/16/2006,10.13
11/17/2006,10.37
11/20/2006,10.42
11/21/2006,10.05
11/22/2006,10.02
11/24/2006,10.81
11/27/2006,11.26
11/28/2006,12.48
11/29/2006,11.41
11/30/2006,10.88
12/01/2006,11.07
12/04/2006,12.01
12/05/2006,11.13
12/06/2006,11.39
12/07/2006,11.35
12/08/2006,12.58
12/11/2006,11.88
12/12/2006,11.2
12/13/2006,10.45
12/14/2006,10.74
12/15/2006,9.68
12/18/2006,10.64
12/19/2006,11.06
12/20/2006,10.3
12/21/2006,10.36
12/22/2006,10.59
12/26/2006,12.03
12/27/2006,11.12
12/28/2006,10.84
12/29/2006,10.95
01/03/2007,12.16
01/04/2007,12.4
01/05/2007,11.84
01/08/2007,12.48
01/09/2007,11.86
01/10/2007,12.34
01/11/2007,11.42
01/12/2007,10.93
01/16/2007,10.64
01/17/2007,10.9
01/18/2007,10.65
01/19/2007,10.8
01/22/2007,10.77
01/23/2007,10.77
01/24/2007,10.41
01/25/2007,9.99
01/26/2007,10.95
01/29/2007,11.5
01/30/2007,11.28
01/31/2007,11.09
02/01/2007,10.32
02/02/2007,10.3
02/05/2007,10.53
02/06/2007,10.55
02/07/2007,10.31
02/08/2007,10.49
02/09/2007,10.42
02/12/2007,11.33
02/13/2007,11.42
02/14/2007,10.19
02/15/2007,10.28
02/16/2007,10.42
02/20/2007,10.62
02/21/2007,10.48
02/22/2007,10.23
02/23/2007,10.41
02/26/2007,10.59
02/27/2007,12.12
02/28/2007,17.21
03/01/2007,17.76
03/02/2007,16.7
03/05/2007,20.4
03/06/2007,18.31
03/07/2007,16.25
03/08/2007,14.34
03/09/2007,13.7
03/12/2007,14.96
03/13/2007,14.87
03/14/2007,17.63
03/15/2007,16.91
03/16/2007,15.38
03/19/2007,15.82
03/20/2007,15.01
03/21/2007,13.27
03/22/2007,12.29
03/23/2007,13.13
03/26/2007,13.39
03/27/2007,13.35
03/28/2007,14.28
03/29/2007,14.45
03/30/2007,14.94
04/02/2007,14.91
04/03/2007,14.02
04/04/2007,13.82
04/05/2007,13.57
04/09/2007,13.26
04/10/2007,13.33
04/11/2007,12.72
04/12/2007,13.65
04/13/2007,12.67
04/16/2007,11.86
04/17/2007,11.7
04/18/2007,12.48
04/19/2007,13.16
04/20/2007,12.03
04/23/2007,12.6
04/24/2007,13.12
04/25/2007,12.74
04/26/2007,13.16
04/27/2007,13.12
04/30/2007,12.9
05/01/2007,14.1
05/02/2007,13.52
05/03/2007,13.01
05/04/2007,12.91
05/07/2007,13.34
05/08/2007,13.48
05/09/2007,13.43
05/10/2007,13.31
05/11/2007,13.47
05/14/2007,13.26
05/15/2007,13.88
05/16/2007,14.02
05/17/2007,13.62
05/18/2007,13.01
05/21/2007,13.24
05/22/2007,12.09
05/23/2007,12.77
05/24/2007,13.15
05/25/2007,13.81
05/29/2007,13.86
05/30/2007,14.18
05/31/2007,12.78
06/01/2007,12.77
06/04/2007,13.47
06/05/2007,13.58
06/06/2007,14.07
06/07/2007,15.08
06/08/2007,16.75
06/11/2007,15.31
06/12/2007,15.46
06/13/2007,16.05
06/14/2007,14.76
06/15/2007,13.01
06/18/2007,14.42
06/19/2007,13.78
06/20/2007,12.77
06/21/2007,14.8
06/22/2007,14.45
06/25/2007,16.5
06/26/2007,16.46
06/27/2007,18.87
06/28/2007,15.7
06/29/2007,15.25
07/02/2007,16.48
07/03/2007,14.96
07/05/2007,15.37
07/06/2007,15.36
07/09/2007,15.34
07/10/2007,15.88
07/11/2007,17.69
07/12/2007,16.39
07/13/2007,15.39
07/16/2007,15.57
07/17/2007,15.58
07/18/2007,16.38
07/19/2007,15.43
07/20/2007,15.39
07/23/2007,16.62
07/24/2007,17.63
07/25/2007,17.77
07/26/2007,19.41
07/27/2007,20.34
07/30/2007,23.64
07/31/2007,20.08
08/01/2007,23.71
08/02/2007,22.94
08/03/2007,21.52
08/06/2007,25.32
08/07/2007,23.33
08/08/2007,20.97
08/09/2007,24.46
08/10/2007,28.04
08/13/2007,28.02
08/14/2007,25.56
08/15/2007,28.22
08/16/2007,32.68
08/17/2007,25.25
08/20/2007,29.87
08/21/2007,26.39
08/22/2007,24.33
08/23/2007,22.47
08/24/2007,22.75
08/27/2007,22.24
08/28/2007,23.87
08/29/2007,25.87
08/30/2007,25.4
08/31/2007,23.53
09/04/2007,21.93
09/05/2007,24.03
09/06/2007,24.43
09/07/2007,25.98
09/10/2007,26.91
09/11/2007,27.11
09/12/2007,25.97
09/13/2007,25.01
09/14/2007,26.38
09/17/2007,26.45
09/18/2007,25.79
09/19/2007,19.96
09/20/2007,20.47
09/21/2007,19.44
09/24/2007,19.04
09/25/2007,20.25
09/26/2007,17.92
09/27/2007,17.12
09/28/2007,17.23
10/01/2007,18.44
10/02/2007,17.67
10/03/2007,18.88
10/04/2007,18.65
10/05/2007,17.55
10/08/2007,17.73
10/09/2007,17.15
10/10/2007,16.42
10/11/2007,16.15
10/12/2007,18.68
10/15/2007,18.14
10/16/2007,20.07
10/17/2007,18.76
10/18/2007,19.16
10/19/2007,19.15
10/22/2007,23.89
10/23/2007,21.29
10/24/2007,21.16
10/25/2007,20.84
10/26/2007,19.84
10/29/2007,19.93
10/30/2007,20.46
10/31/2007,20.53
11/01/2007,19.89
11/02/2007,22.56
11/05/2007,25.25
11/06/2007,23.5
11/07/2007,23.15
11/08/2007,26.45
11/09/2007,27.96
11/12/2007,30.57
11/13/2007,27.47
11/14/2007,23.35
11/15/2007,26.96
11/16/2007,27.04
11/19/2007,26.74
11/20/2007,26.12
11/21/2007,26.3
11/23/2007,26.42
11/26/2007,26.46
11/27/2007,28.14
11/28/2007,25.14
11/29/2007,24.59
11/30/2007,22.67
12/03/2007,23.59
12/04/2007,24.3
12/05/2007,22.72
12/06/2007,22.68
12/07/2007,20.69
12/10/2007,21.16
12/11/2007,20.69
12/12/2007,20.82
12/13/2007,23.53
12/14/2007,23.53
12/17/2007,24.13
12/18/2007,23.7
12/19/2007,22.62
12/20/2007,21.02
12/21/2007,19.82
12/24/2007,19.08
12/26/2007,19.37
12/27/2007,19.15
12/28/2007,19.59
12/31/2007,21.87
01/02/2008,22.58
01/03/2008,23.11
01/04/2008,23.5
01/07/2008,24.62
01/08/2008,23.27
01/09/2008,25.61
01/10/2008,24.56
01/11/2008,24.04
01/14/2008,23.76
01/15/2008,24.1
01/16/2008,23.9
01/17/2008,24.11
01/18/2008,27.55
01/22/2008,35.12
01/23/2008,33.84
01/24/2008,28.07
01/25/2008,26.19
01/28/2008,29.67
01/29/2008,26.61
01/30/2008,27.53
01/31/2008,28.78
02/01/2008,25.66
02/04/2008,25.09
02/05/2008,27.2
02/06/2008,27.75
02/07/2008,29.51
02/08/2008,27.98
02/11/2008,29.14
02/12/2008,26.56
02/13/2008,25.67
02/14/2008,24.64
02/15/2008,25.58
02/19/2008,25.39
02/20/2008,25.6
02/21/2008,24.42
02/22/2008,24.99
02/25/2008,24.06
02/26/2008,23.44
02/27/2008,21.9
02/28/2008,22.69
02/29/2008,23.54
03/03/2008,27.54
03/04/2008,27.19
03/05/2008,25.52
03/06/2008,25.45
03/07/2008,28.52
03/10/2008,28.13
03/11/2008,27.25
03/12/2008,26.39
03/13/2008,27.22
03/14/2008,27.31
03/17/2008,35.14
03/18/2008,32.24
03/19/2008,25.78
03/20/2008,29.84
03/24/2008,26.64
03/25/2008,25.75
03/26/2008,25.75
03/27/2008,25.55
03/28/2008,25.81
03/31/2008,25.71
04/01/2008,25.61
04/02/2008,22.64
04/03/2008,23.84
04/04/2008,23
04/07/2008,22.45
04/08/2008,22.42
04/09/2008,22.36
04/10/2008,22.8
04/11/2008,23.03
04/14/2008,23.46
04/15/2008,23.84
04/16/2008,22.03
04/17/2008,21.13
04/18/2008,20.37
04/21/2008,20.15
04/22/2008,20.47
04/23/2008,20.63
04/24/2008,20.26
04/25/2008,19.6
04/28/2008,20.14
04/29/2008,19.86
04/30/2008,20.24
05/01/2008,20.78
05/02/2008,18.87
05/05/2008,18.68
05/06/2008,18.9
05/07/2008,18.48
05/08/2008,19.73
05/09/2008,19.98
05/12/2008,19.17
05/13/2008,17.79
05/14/2008,17.98
05/15/2008,17.65
05/16/2008,16.3
05/19/2008,16.47
05/20/2008,17.02
05/21/2008,17.64
05/22/2008,18.92
05/23/2008,18.58
05/27/2008,20.78
05/28/2008,19.64
05/29/2008,19.08
05/30/2008,18.14
06/02/2008,17.83
06/03/2008,19.8
06/04/2008,20.64
06/05/2008,20.54
06/06/2008,18.63
06/09/2008,23.56
06/10/2008,24.37
06/11/2008,23.44
06/12/2008,23.61
06/13/2008,23.02
06/16/2008,21.22
06/17/2008,20.96
06/18/2008,21.67
06/19/2008,22.24
06/20/2008,21.58
06/23/2008,22.89
06/24/2008,22.69
06/25/2008,22.42
06/26/2008,22.23
06/27/2008,23.75
06/30/2008,24.25
07/01/2008,25.14
07/02/2008,23.4
07/03/2008,25.92
07/07/2008,25.48
07/08/2008,25.72
07/09/2008,23.16
07/10/2008,25.22
07/11/2008,25.56
07/14/2008,27.49
07/15/2008,28.47
07/16/2008,28.19
07/17/2008,24.58
07/18/2008,25.01
07/21/2008,24.05
07/22/2008,24.02
07/23/2008,21.23
07/24/2008,21.31
07/25/2008,23.45
07/28/2008,22.91
07/29/2008,24.2
07/30/2008,22.03
07/31/2008,22.33
08/01/2008,22.66
08/04/2008,23.53
08/05/2008,22.99
08/06/2008,21.66
08/07/2008,20.23
08/08/2008,21.15
08/11/2008,20.66
08/12/2008,20.64
08/13/2008,21.57
08/14/2008,22.3
08/15/2008,20.24
08/18/2008,19.58
08/19/2008,21.76
08/20/2008,21.3
08/21/2008,20.43
08/22/2008,19.83
08/25/2008,18.78
08/26/2008,20.98
08/27/2008,20.48
08/28/2008,19.36
08/29/2008,19.43
09/02/2008,20.65
09/03/2008,21.99
09/04/2008,22.02
09/05/2008,24.54
09/08/2008,22.22
09/09/2008,22.69
09/10/2008,25.47
09/11/2008,25.38
09/12/2008,24.8
09/15/2008,25.66
09/16/2008,31.7
09/17/2008,30.25
09/18/2008,36.1
09/19/2008,33.07
09/22/2008,32.4
09/23/2008,33.85
09/24/2008,35.7
09/25/2008,35.19
09/26/2008,32.82
09/29/2008,36.92
09/30/2008,43.77
10/01/2008,39.39
10/02/2008,39.82
10/03/2008,45.22
10/06/2008,45.12
10/07/2008,52.05
10/08/2008,53.68
10/09/2008,57.57
10/10/2008,65.85
10/13/2008,69.95
10/14/2008,55.1
10/15/2008,55.69
10/16/2008,69.21
10/17/2008,67.65
10/20/2008,70.4
10/21/2008,52.95
10/22/2008,63.12
10/23/2008,68.03
10/24/2008,67.8
10/27/2008,79.13
10/28/2008,73.3
10/29/2008,66.96
10/30/2008,69.83
10/31/2008,62.93
11/03/2008,60.17
11/04/2008,53.68
11/05/2008,47.73
11/06/2008,56.71
11/07/2008,63.68
11/10/2008,56.09
11/11/2008,59.98
11/12/2008,61.52
11/13/2008,66.45
11/14/2008,62.6
11/17/2008,69.57
11/18/2008,70.09
11/19/2008,68.46
11/20/2008,74.26
11/21/2008,80.74
11/24/2008,71.19
11/25/2008,64.76
11/26/2008,60.9
11/28/2008,56.02
12/01/2008,60.47
12/02/2008,66.68
12/03/2008,62.98
12/04/2008,62.19
12/05/2008,63.64
12/08/2008,58.86
12/09/2008,59.48
12/10/2008,58.91
12/11/2008,55.08
12/12/2008,55.78
12/15/2008,55.68
12/16/2008,56.76
12/17/2008,52
12/18/2008,49.84
12/19/2008,46.01
12/22/2008,44.93
12/23/2008,43.19
12/24/2008,45.02
12/26/2008,44.27
12/29/2008,43.35
12/30/2008,43.99
12/31/2008,41.63
01/02/2009,39.58
01/05/2009,39.24
01/06/2009,38.06
01/07/2009,38.56
01/08/2009,43.38
01/09/2009,41.18
01/12/2009,42.06
01/13/2009,45.84
01/14/2009,46.24
01/15/2009,49.14
01/16/2009,51
01/20/2009,50.12
01/21/2009,51.52
01/22/2009,50.65
01/23/2009,50.39
01/26/2009,47.89
01/27/2009,45.11
01/28/2009,42.25
01/29/2009,41.34
01/30/2009,42.63
02/02/2009,49.42
02/03/2009,45.52
02/04/2009,43.06
02/05/2009,43.83
02/06/2009,43.71
02/09/2009,45.4
02/10/2009,45.14
02/11/2009,46.67
02/12/2009,44.52
02/13/2009,41.6
02/17/2009,48.14
02/18/2009,48.66
02/19/2009,48.54
02/20/2009,47.08
02/23/2009,49.3
02/24/2009,52.5
02/25/2009,45.73
02/26/2009,43.75
02/27/2009,44.66
03/02/2009,49.96
03/03/2009,52.65
03/04/2009,48.02
03/05/2009,47.56
03/06/2009,50.17
03/09/2009,49.35
03/10/2009,49.68
03/11/2009,43.35
03/12/2009,43.53
03/13/2009,40.99
03/16/2009,42.36
03/17/2009,44.23
03/18/2009,41.14
03/19/2009,40.06
03/20/2009,43.6
03/23/2009,45.89
03/24/2009,43.24
03/25/2009,42.35
03/26/2009,42.25
03/27/2009,40.36
03/30/2009,44.86
03/31/2009,45.54
04/01/2009,45.42
04/02/2009,42.28
04/03/2009,42.03
04/06/2009,41.96
04/07/2009,41.48
04/08/2009,40.39
04/09/2009,37.22
04/13/2009,38.32
04/14/2009,37.95
04/15/2009,37.85
04/16/2009,36.04
04/17/2009,35.36
04/20/2009,33.94
04/21/2009,40.27
04/22/2009,37.14
04/23/2009,38.1
04/24/2009,36.86
04/27/2009,39.46
04/28/2009,39.43
04/29/2009,37.95
04/30/2009,36.09
05/01/2009,36.5
05/04/2009,35.3
05/05/2009,34.54
05/06/2009,33.36
05/07/2009,32.1
05/08/2009,32.36
05/11/2009,32.05
05/12/2009,32.68
05/13/2009,32.97
05/14/2009,33.65
05/15/2009,31.36
05/18/2009,32.91
05/19/2009,30.23
05/20/2009,27.47
05/21/2009,29.03
05/22/2009,31.36
05/26/2009,34.57
05/27/2009,30.8
05/28/2009,31.54
05/29/2009,31.67
06/01/2009,28.7
06/02/2009,30.04
06/03/2009,29.62
06/04/2009,31.02
06/05/2009,29.39
06/08/2009,30.84
06/09/2009,29.77
06/10/2009,26.9
06/11/2009,27.36
06/12/2009,28.08
06/15/2009,29.7
06/16/2009,30.81
06/17/2009,31.19
06/18/2009,31.54
06/19/2009,29.16
06/22/2009,30.4
06/23/2009,31.3
06/24/2009,30.58
06/25/2009,29.45
06/26/2009,27.09
06/29/2009,25.93
06/30/2009,25.36
07/01/2009,25.73
07/02/2009,26.22
07/06/2009,30.32
07/07/2009,29
07/08/2009,30.85
07/09/2009,30.23
07/10/2009,29.78
07/13/2009,28.36
07/14/2009,26.31
07/15/2009,25.05
07/16/2009,25.96
07/17/2009,25.42
07/20/2009,25.06
07/21/2009,24.28
07/22/2009,24.05
07/23/2009,23.71
07/24/2009,23.87
07/27/2009,24.06
07/28/2009,24.28
07/29/2009,25.47
07/30/2009,25.4
07/31/2009,25.4
08/03/2009,25.92
08/04/2009,25.55
08/05/2009,24.91
08/06/2009,24.9
08/07/2009,24.71
08/10/2009,24.76
08/11/2009,24.98
08/12/2009,25.99
08/13/2009,25.34
08/14/2009,24.77
08/17/2009,24.27
08/18/2009,27.89
08/19/2009,28.08
08/20/2009,26.45
08/21/2009,24.49
08/24/2009,25.01
08/25/2009,25.13
08/26/2009,24.91
08/27/2009,25.13
08/28/2009,24.44
08/31/2009,24.76
09/01/2009,26.01
09/02/2009,29.14
09/03/2009,28.9
09/04/2009,26.98
09/08/2009,25.26
09/09/2009,25.66
09/10/2009,24.4
09/11/2009,23.49
09/14/2009,25.39
09/15/2009,23.9
09/16/2009,23.29
09/17/2009,23.99
09/18/2009,23.65
09/21/2009,25.34
09/22/2009,23.81
09/23/2009,22.9
09/24/2009,23.67
09/25/2009,25.18
09/28/2009,26.26
09/29/2009,24.88
09/30/2009,25.19
10/01/2009,25.98
10/02/2009,29.34
10/05/2009,29.34
10/06/2009,26.39
10/07/2009,25.78
10/08/2009,24.68
10/09/2009,24.39
10/12/2009,23.12
10/13/2009,23
10/14/2009,22.08
10/15/2009,23.51
10/16/2009,21.72
10/19/2009,21.41
10/20/2009,21.55
10/21/2009,20.9
10/22/2009,22.22
10/23/2009,20.7
10/26/2009,23.06
10/27/2009,24.38
10/28/2009,24.83
10/29/2009,27.16
10/30/2009,24.76
11/02/2009,30.7
11/03/2009,30.62
11/04/2009,28.81
11/05/2009,27.28
11/06/2009,26.17
11/09/2009,24.19
11/10/2009,23.15
11/11/2009,22.84
11/12/2009,23.04
11/13/2009,24.25
11/16/2009,23.36
11/17/2009,22.81
11/18/2009,22.35
11/19/2009,21.63
11/20/2009,23.45
11/23/2009,21.98
11/24/2009,21.28
11/25/2009,20.23
11/27/2009,25.75
11/30/2009,24.95
12/01/2009,24.51
12/02/2009,21.89
12/03/2009,21.15
12/04/2009,21.18
12/07/2009,22.32
12/08/2009,23.28
12/09/2009,23.21
12/10/2009,22.66
12/11/2009,21.45
12/14/2009,21.59
12/15/2009,21.09
12/16/2009,21.5
12/17/2009,21.89
12/18/2009,21.84
12/21/2009,21.46
12/22/2009,20.39
12/23/2009,19.54
12/24/2009,19.67
12/28/2009,20.29
12/29/2009,19.87
12/30/2009,20.36
12/31/2009,19.96
01/04/2010,21.68
01/05/2010,20.05
01/06/2010,19.59
01/07/2010,19.68
01/08/2010,19.27
01/11/2010,16.93
01/12/2010,17.95
01/13/2010,17.94
01/14/2010,18.16
01/15/2010,17.63
01/19/2010,18.63
01/20/2010,18.51
01/21/2010,18.59
01/22/2010,22.27
01/25/2010,27.32
01/26/2010,26.03
01/27/2010,24.81
01/28/2010,22.79
01/29/2010,23.73
02/01/2010,24.33
02/02/2010,22.59
02/03/2010,22.11
02/04/2010,22.63
02/05/2010,25.69
02/08/2010,26.11
02/09/2010,26.51
02/10/2010,26.36
02/11/2010,25.82
02/12/2010,23.96
02/16/2010,23.51
02/17/2010,22.25
02/18/2010,21.72
02/19/2010,21.07
02/22/2010,20.16
02/23/2010,20.39
02/24/2010,21.23
02/25/2010,22.03
02/26/2010,19.88
03/01/2010,19.93
03/02/2010,18.83
03/03/2010,18.95
03/04/2010,18.86
03/05/2010,18.06
03/08/2010,17.95
03/09/2010,18.18
03/10/2010,18
03/11/2010,18.9
03/12/2010,17.97
03/15/2010,18.28
03/16/2010,17.78
03/17/2010,16.97
03/18/2010,16.96
03/19/2010,16.17
03/22/2010,18.3
03/23/2010,16.84
03/24/2010,16.85
03/25/2010,17.07
03/26/2010,18.27
03/29/2010,18.17
03/30/2010,17.64
03/31/2010,17.66
04/01/2010,17.01
04/05/2010,17.96
04/06/2010,17.39
04/07/2010,16.72
04/08/2010,17.21
04/09/2010,16.32
04/12/2010,15.67
04/13/2010,15.98
04/14/2010,15.8
04/15/2010,15.87
04/16/2010,16.19
04/19/2010,19.14
04/20/2010,16.84
04/21/2010,15.94
04/22/2010,17.48
04/23/2010,16.62
04/26/2010,17.52
04/27/2010,18.13
04/28/2010,22.08
04/29/2010,20.37
04/30/2010,18.75
05/03/2010,22.41
05/04/2010,22.46
05/05/2010,25.96
05/06/2010,25.88
05/07/2010,32.76
05/10/2010,28.65
05/11/2010,31.04
05/12/2010,26.56
05/13/2010,26.17
05/14/2010,28.4
05/17/2010,31.33
05/18/2010,28.67
05/19/2010,34.65
05/20/2010,41.79
05/21/2010,47.66
05/24/2010,41.74
05/25/2010,43.15
05/26/2010,32.54
05/27/2010,30.24
05/28/2010,30.23
06/01/2010,34.87
06/02/2010,34.39
06/03/2010,29.65
06/04/2010,32.93
06/07/2010,35.66
06/08/2010,36.53
06/09/2010,32.33
06/10/2010,31
06/11/2010,31.79
06/14/2010,27.94
06/15/2010,27.68
06/16/2010,26.72
06/17/2010,25.59
06/18/2010,24.87
06/21/2010,22.9
06/22/2010,25.14
06/23/2010,26.93
06/24/2010,27.61
06/25/2010,29.64
06/28/2010,29.2
06/29/2010,31.22
06/30/2010,33.95
07/01/2010,34.41
07/02/2010,31.71
07/06/2010,28.82
07/07/2010,29.56
07/08/2010,26.5
07/09/2010,25.35
07/12/2010,24.66
07/13/2010,23.29
07/14/2010,24.61
07/15/2010,25.08
07/16/2010,25.77
07/19/2010,27.02
07/20/2010,27.35
07/21/2010,23.61
07/22/2010,24.37
07/23/2010,24.79
07/26/2010,24.37
07/27/2010,21.89
07/28/2010,23.93
07/29/2010,23.4
07/30/2010,25.47
08/02/2010,23.07
08/03/2010,22.44
08/04/2010,22.69
08/05/2010,23.04
08/06/2010,23.34
08/09/2010,21.85
08/10/2010,23.3
08/11/2010,24.96
08/12/2010,27.21
08/13/2010,26.08
08/16/2010,27.41
08/17/2010,24.72
08/18/2010,24.3
08/19/2010,24.48
08/20/2010,26.73
08/23/2010,25.97
08/24/2010,27.91
08/25/2010,28.3
08/26/2010,26.45
08/27/2010,26.5
08/30/2010,25.88
08/31/2010,27.58
09/01/2010,25.13
09/02/2010,24.23
09/03/2010,21.99
09/07/2010,22.77
09/08/2010,23.51
09/09/2010,22.22
09/10/2010,22.64
09/13/2010,21.06
09/14/2010,21.69
09/15/2010,22.55
09/16/2010,22.65
09/17/2010,21.65
09/20/2010,22.47
09/21/2010,21.54
09/22/2010,22.56
09/23/2010,23.91
09/24/2010,22.61
09/27/2010,22.58
09/28/2010,22.92
09/29/2010,23.14
09/30/2010,22.85
10/01/2010,22.9
10/04/2010,23.63
10/05/2010,22.52
10/06/2010,21.82
10/07/2010,21.31
10/08/2010,21.58
10/11/2010,19.33
10/12/2010,20
10/13/2010,17.92
10/14/2010,19.59
10/15/2010,20.2
10/18/2010,20.43
10/19/2010,20.7
10/20/2010,21.2
10/21/2010,19.7
10/22/2010,19.36
10/25/2010,19.22
10/26/2010,20.52
10/27/2010,21.11
10/28/2010,20.28
10/29/2010,21.2
11/01/2010,21.65
11/02/2010,21.34
11/03/2010,21.66
11/04/2010,18.03
11/05/2010,18.07
11/08/2010,19.33
11/09/2010,18.51
11/10/2010,18.94
11/11/2010,19.44
11/12/2010,19.59
11/15/2010,20.33
11/16/2010,21.26
11/17/2010,22.19
11/18/2010,20.31
11/19/2010,19.15
11/22/2010,19.45
11/23/2010,20.25
11/24/2010,19.42
11/26/2010,21.17
11/29/2010,23.15
11/30/2010,23.27
12/01/2010,21.19
12/02/2010,21.13
12/03/2010,19.26
12/06/2010,18.8
12/07/2010,17.13
12/08/2010,17.97
12/09/2010,17.32
12/10/2010,17.06
12/13/2010,16.82
12/14/2010,17.6
12/15/2010,17.99
12/16/2010,18.03
12/17/2010,17.62
12/20/2010,16.22
12/21/2010,16.2
12/22/2010,16.52
12/23/2010,15.44
12/27/2010,18.26
12/28/2010,17.3
12/29/2010,17.49
12/30/2010,17.65
12/31/2010,17.91
01/03/2011,17.94
01/04/2011,17.34
01/05/2011,17.81
01/06/2011,16.8
01/07/2011,17.31
01/10/2011,18.35
01/11/2011,16.61
01/12/2011,16.26
01/13/2011,16.51
01/14/2011,16.67
01/18/2011,16.19
01/19/2011,15.89
01/20/2011,17.81
01/21/2011,17.03
01/24/2011,18.78
01/25/2011,18.22
01/26/2011,17
01/27/2011,16.84
01/28/2011,15.94
01/31/2011,19.61
02/01/2011,18.59
02/02/2011,17.82
02/03/2011,17.53
02/04/2011,16.64
02/07/2011,16.14
02/08/2011,16.29
02/09/2011,16.27
02/10/2011,16.74
02/11/2011,16.53
02/14/2011,16.07
02/15/2011,16.3
02/16/2011,16.31
02/17/2011,17.01
02/18/2011,16.59
02/22/2011,19.46
02/23/2011,20.84
02/24/2011,22.28
02/25/2011,20.41
02/28/2011,19.12
03/01/2011,17.63
03/02/2011,20.73
03/03/2011,19.27
03/04/2011,18.56
03/07/2011,19.37
03/08/2011,20.58
03/09/2011,20.05
03/10/2011,21.37
03/11/2011,21.72
03/14/2011,21.79
03/15/2011,25.66
03/16/2011,24.65
03/17/2011,26.94
03/18/2011,23.9
03/21/2011,22.1
03/22/2011,20.53
03/23/2011,20.59
03/24/2011,18.45
03/25/2011,17.87
03/28/2011,18.31
03/29/2011,19.17
03/30/2011,17.82
03/31/2011,17.9
04/01/2011,16.68
04/04/2011,17.63
04/05/2011,17.87
04/06/2011,16.75
04/07/2011,16.92
04/08/2011,16.51
04/11/2011,16.74
04/12/2011,17.58
04/13/2011,16.33
04/14/2011,17.77
04/15/2011,15.97
04/18/2011,18.3
04/19/2011,16.62
04/20/2011,14.31
04/21/2011,14.71
04/25/2011,15.64
04/26/2011,15.36
04/27/2011,15.37
04/28/2011,15.54
04/29/2011,14.56
05/02/2011,15.07
05/03/2011,16.35
05/04/2011,16.84
05/05/2011,17.68
05/06/2011,17.17
05/09/2011,18.59
05/10/2011,16.84
05/11/2011,16.27
05/12/2011,17.27
05/13/2011,16.02
05/16/2011,17.86
05/17/2011,18.54
05/18/2011,17.56
05/19/2011,15.9
05/20/2011,15.88
05/23/2011,20.03
05/24/2011,18.07
05/25/2011,18.26
05/26/2011,17.17
05/27/2011,16.11
05/31/2011,15.85
06/01/2011,15.95
06/02/2011,17.92
06/03/2011,18.23
06/06/2011,18.42
06/07/2011,18.13
06/08/2011,18.15
06/09/2011,18.2
06/10/2011,17.93
06/13/2011,19.1
06/14/2011,18.56
06/15/2011,19.31
06/16/2011,21.37
06/17/2011,21.56
06/20/2011,22.99
06/21/2011,19.46
06/22/2011,18.86
06/23/2011,20.23
06/24/2011,19.2
06/27/2011,21.6
06/28/2011,20.3
06/29/2011,18.62
06/30/2011,16.67
07/01/2011,16.06
07/05/2011,16.32
07/06/2011,16.46
07/07/2011,15.3
07/08/2011,17.14
07/11/2011,17.44
07/12/2011,19.55
07/13/2011,19.08
07/14/2011,20.08
07/15/2011,20.25
07/18/2011,21.25
07/19/2011,20.14
07/20/2011,18.81
07/21/2011,18.61
07/22/2011,17.22
07/25/2011,19.26
07/26/2011,19.75
07/27/2011,20.87
07/28/2011,22.83
07/29/2011,25.28
08/01/2011,22.63
08/02/2011,24.22
08/03/2011,23.58
08/04/2011,24.57
08/05/2011,28.48
08/08/2011,36.9
08/09/2011,42.12
08/10/2011,39.33
08/11/2011,41.94
08/12/2011,37.08
08/15/2011,34.73
08/16/2011,33.36
08/17/2011,32.09
08/18/2011,36.77
08/19/2011,45.34
08/22/2011,38.8
08/23/2011,41.89
08/24/2011,37.12
08/25/2011,34.43
08/26/2011,41.18
08/29/2011,33.81
08/30/2011,32.97
08/31/2011,31.2
09/01/2011,31.91
09/02/2011,34.29
09/06/2011,39.84
09/07/2011,34.24
09/08/2011,34.41
09/09/2011,35.53
09/12/2011,42.56
09/13/2011,38.68
09/14/2011,36.59
09/15/2011,33.43
09/16/2011,31.81
09/19/2011,34.8
09/20/2011,32.42
09/21/2011,33
09/22/2011,41
09/23/2011,42.17
09/26/2011,40.99
09/27/2011,36.59
09/28/2011,37.7
09/29/2011,38.62
09/30/2011,40.93
10/03/2011,44.25
10/04/2011,46.18
10/05/2011,40.73
10/06/2011,38.24
10/07/2011,35.67
10/10/2011,35.45
10/11/2011,33.95
10/12/2011,31.57
10/13/2011,31.99
10/14/2011,29.07
10/17/2011,30.35
10/18/2011,33.37
10/19/2011,32.92
10/20/2011,34.44
10/21/2011,32.76
10/24/2011,31.67
10/25/2011,30.68
10/26/2011,30.44
10/27/2011,24.72
10/28/2011,26.02
10/31/2011,27.09
11/01/2011,36.03
11/02/2011,33.53
11/03/2011,31.38
11/04/2011,31.46
11/07/2011,31.4
11/08/2011,29.34
11/09/2011,31.32
11/10/2011,33.09
11/11/2011,29.91
11/14/2011,31.42
11/15/2011,31.74
11/16/2011,32.66
11/17/2011,33.15
11/18/2011,33.16
11/21/2011,34.59
11/22/2011,33.12
11/23/2011,32.91
11/25/2011,34.61
11/28/2011,31.93
11/29/2011,31.76
11/30/2011,27.72
12/01/2011,27.63
12/02/2011,26.26
12/05/2011,26.74
12/06/2011,27.91
12/07/2011,28.61
12/08/2011,29.63
12/09/2011,29.61
12/12/2011,26.78
12/13/2011,24.72
12/14/2011,26.16
12/15/2011,24.38
12/16/2011,24.16
12/19/2011,25.14
12/20/2011,23.56
12/21/2011,22.52
12/22/2011,21.08
12/23/2011,21.1
12/27/2011,22.58
12/28/2011,22.12
12/29/2011,23.52
12/30/2011,22.86
01/03/2012,22.95
01/04/2012,23.44
01/05/2012,22.75
01/06/2012,21.24
01/09/2012,21.67
01/10/2012,20.14
01/11/2012,21.18
01/12/2012,21.01
01/13/2012,21.41
01/17/2012,20.9
01/18/2012,23.2
01/19/2012,20.49
01/20/2012,19.91
01/23/2012,19.22
01/24/2012,19.76
01/25/2012,19.35
01/26/2012,17.96
01/27/2012,19.16
01/30/2012,20.33
01/31/2012,19.07
02/01/2012,18.68
02/02/2012,18.38
02/03/2012,16.84
02/06/2012,17.98
02/07/2012,17.93
02/08/2012,17.79
02/09/2012,18.12
02/10/2012,20.1
02/13/2012,19.64
02/14/2012,19.45
02/15/2012,19.74
02/16/2012,21.59
02/17/2012,18.73
02/21/2012,18.41
02/22/2012,18.85
02/23/2012,18.73
02/24/2012,16.68
02/27/2012,19.1
02/28/2012,18.67
02/29/2012,17.8
03/01/2012,18.02
03/02/2012,17.65
03/05/2012,18.27
03/06/2012,20.57
03/07/2012,20.43
03/08/2012,18.08
03/09/2012,17.16
03/12/2012,15.79
03/13/2012,14
03/14/2012,14.42
03/15/2012,15.32
03/16/2012,14.43
03/19/2012,15.42
03/20/2012,15.82
03/21/2012,14.72
03/22/2012,16.04
03/23/2012,15.65
03/26/2012,14.51
03/27/2012,14.52
03/28/2012,15.58
03/29/2012,16.84
03/30/2012,14.88
04/02/2012,16.35
04/03/2012,15.61
04/04/2012,17.07
04/05/2012,17.02
04/09/2012,18.94
04/10/2012,19.1
04/11/2012,19.22
04/12/2012,19.63
04/13/2012,17.95
04/16/2012,18.87
04/17/2012,18.66
04/18/2012,19.02
04/19/2012,18.51
04/20/2012,17.92
04/23/2012,20.22
04/24/2012,19.22
04/25/2012,17.05
04/26/2012,16.97
04/27/2012,15.83
04/30/2012,17.04
05/01/2012,17.27
05/02/2012,17.25
05/03/2012,16.9
05/04/2012,18.03
05/07/2012,19.8
05/08/2012,19.44
05/09/2012,20.65
05/10/2012,19.25
05/11/2012,19.93
05/14/2012,21.47
05/15/2012,21.43
05/16/2012,21.54
05/17/2012,21.99
05/18/2012,23.27
05/21/2012,24.88
05/22/2012,21.76
05/23/2012,23.32
05/24/2012,22
05/25/2012,22.05
05/29/2012,21.7
05/30/2012,22.68
05/31/2012,23.83
06/01/2012,25.87
06/04/2012,26.35
06/05/2012,25.9
06/06/2012,23.76
06/07/2012,21
06/08/2012,22.54
06/11/2012,19.87
06/12/2012,23.15
06/13/2012,22.93
06/14/2012,24.19
06/15/2012,22.47
06/18/2012,21.76
06/19/2012,17.66
06/20/2012,17.96
06/21/2012,16.89
06/22/2012,18.65
06/25/2012,20.47
06/26/2012,20.01
06/27/2012,19.55
06/28/2012,20.33
06/29/2012,17.52
07/02/2012,17.62
07/03/2012,16.67
07/05/2012,17.61
07/06/2012,18.2
07/09/2012,18.17
07/10/2012,17.51
07/11/2012,17.98
07/12/2012,18.82
07/13/2012,17.78
07/16/2012,17.31
07/17/2012,16.72
07/18/2012,16.81
07/19/2012,16.06
07/20/2012,16.65
07/23/2012,20.41
07/24/2012,18.38
07/25/2012,19.79
07/26/2012,17.68
07/27/2012,17.11
07/30/2012,17.55
07/31/2012,18.4
08/01/2012,18.8
08/02/2012,19.05
08/03/2012,16.05
08/06/2012,15.85
08/07/2012,15.55
08/08/2012,16.46
08/09/2012,15.39
08/10/2012,15.34
08/13/2012,14.09
08/14/2012,13.91
08/15/2012,14.82
08/16/2012,14.88
08/17/2012,14.23
08/20/2012,14.11
08/21/2012,14.1
08/22/2012,15.32
08/23/2012,15
08/24/2012,15.99
08/27/2012,16.15
08/28/2012,16.32
08/29/2012,16.61
08/30/2012,17.48
08/31/2012,17.25
09/04/2012,18.65
09/05/2012,17.38
09/06/2012,17.3
09/07/2012,15.6
09/10/2012,14.27
09/11/2012,16.11
09/12/2012,15.59
09/13/2012,15.6
09/14/2012,13.82
09/17/2012,14.67
09/18/2012,14.51
09/19/2012,13.95
09/20/2012,14.63
09/21/2012,13.94
09/24/2012,15.06
09/25/2012,14.19
09/26/2012,15.83
09/27/2012,16.38
09/28/2012,15.23
10/01/2012,16.03
10/02/2012,15.85
10/03/2012,15.63
10/04/2012,15.23
10/05/2012,13.68
10/08/2012,15.19
10/09/2012,15.28
10/10/2012,16.52
10/11/2012,15.33
10/12/2012,15.41
10/15/2012,16.05
10/16/2012,14.84
10/17/2012,15.43
10/18/2012,15.25
10/19/2012,14.91
10/22/2012,17.44
10/23/2012,18.23
10/24/2012,18.22
10/25/2012,17.56
10/26/2012,18.03
10/31/2012,17.68
11/01/2012,17.77
11/02/2012,16.06
11/05/2012,18.33
11/06/2012,18.16
11/07/2012,17.72
11/08/2012,18.69
11/09/2012,18.8
11/12/2012,18.15
11/13/2012,17.36
11/14/2012,16.32
11/15/2012,17.74
11/16/2012,17.65
11/19/2012,15.88
11/20/2012,15.11
11/21/2012,14.96
11/23/2012,15
11/26/2012,15.63
11/27/2012,15.3
11/28/2012,16.43
11/29/2012,15.21
11/30/2012,15.26
12/03/2012,15.81
12/04/2012,16.66
12/05/2012,16.95
12/06/2012,16.59
12/07/2012,16.12
12/10/2012,16.47
12/11/2012,15.94
12/12/2012,15.6
12/13/2012,15.87
12/14/2012,16.68
12/17/2012,17.2
12/18/2012,16.39
12/19/2012,16.05
12/20/2012,17.26
12/21/2012,19.85
12/24/2012,18.46
12/26/2012,18.71
12/27/2012,19.39
12/28/2012,20.32
12/31/2012,22.14
01/02/2013,15.24
01/03/2013,14.77
01/04/2013,14.23
01/07/2013,14.53
01/08/2013,13.88
01/09/2013,13.32
01/10/2013,13.33
01/11/2013,13.55
01/14/2013,13.66
01/15/2013,13.97
01/16/2013,13.7
01/17/2013,13.45
01/18/2013,13.52
01/22/2013,13.28
01/23/2013,12.67
01/24/2013,12.73
01/25/2013,12.63
01/28/2013,13.29
01/29/2013,13.87
01/30/2013,13.64
01/31/2013,14.43
02/01/2013,13.37
02/04/2013,14
02/05/2013,14.21
02/06/2013,14.06
02/07/2013,13.47
02/08/2013,13.2
02/11/2013,13.37
02/12/2013,12.82
02/13/2013,12.88
02/14/2013,13.3
02/15/2013,12.47
02/19/2013,12.81
02/20/2013,12.32
02/21/2013,14.68
02/22/2013,14.6
02/25/2013,13.69
02/26/2013,17.5
02/27/2013,16.57
02/28/2013,15
03/01/2013,16.1
03/04/2013,16.16
03/05/2013,13.44
03/06/2013,13.18
03/07/2013,13.45
03/08/2013,12.67
03/11/2013,12.31
03/12/2013,11.79
03/13/2013,12.18
03/14/2013,11.7
03/15/2013,11.52
03/18/2013,13.47
03/19/2013,13.03
03/20/2013,13.18
03/21/2013,13.07
03/22/2013,13.34
03/25/2013,12.85
03/26/2013,12.95
03/27/2013,13.72
03/28/2013,12.91
04/01/2013,13.46
04/02/2013,13.11
04/03/2013,12.65
04/04/2013,14.1
04/05/2013,15.64
04/08/2013,14.04
04/09/2013,13.11
04/10/2013,12.66
04/11/2013,12.55
04/12/2013,12.61
04/15/2013,13.12
04/16/2013,14.72
04/17/2013,15.35
04/18/2013,16.34
04/19/2013,16.67
04/22/2013,15.08
04/23/2013,13.81
04/24/2013,13.57
04/25/2013,13.61
04/26/2013,13.94
04/29/2013,13.72
04/30/2013,13.71
05/01/2013,13.88
05/02/2013,14.48
05/03/2013,12.92
05/06/2013,13.06
05/07/2013,12.63
05/08/2013,12.87
05/09/2013,12.91
05/10/2013,13.08
05/13/2013,12.57
05/14/2013,12.61
05/15/2013,12.98
05/16/2013,13.07
05/17/2013,12.73
05/20/2013,13.28
05/21/2013,13.08
05/22/2013,13.45
05/23/2013,14.94
05/24/2013,14.59
05/28/2013,13.67
05/29/2013,15.3
05/30/2013,14.9
05/31/2013,15.02
06/03/2013,16.4
06/04/2013,16.16
06/05/2013,16.86
06/06/2013,17.7
06/07/2013,15.9
06/10/2013,15.16
06/11/2013,16.91
06/12/2013,16.51
06/13/2013,18.38
06/14/2013,16.63
06/17/2013,16.53
06/18/2013,16.81
06/19/2013,16.89
06/20/2013,18.4
06/21/2013,18.97
06/24/2013,20.87
06/25/2013,18.65
06/26/2013,17.23
06/27/2013,16.6
06/28/2013,17.25
07/01/2013,16.9
07/02/2013,16.49
07/03/2013,17.22
07/05/2013,15.59
07/08/2013,14.66
07/09/2013,14.33
07/10/2013,14.46
07/11/2013,13.57
07/12/2013,13.9
07/15/2013,13.98
07/16/2013,13.78
07/17/2013,14.2
07/18/2013,13.63
07/19/2013,13.89
07/22/2013,13.23
07/23/2013,12.15
07/24/2013,12.69
07/25/2013,13.47
07/26/2013,13.41
07/29/2013,13.54
07/30/2013,13.45
07/31/2013,13.55
08/01/2013,12.89
08/02/2013,12.66
08/05/2013,12.29
08/06/2013,12.19
08/07/2013,13.17
08/08/2013,12.5
08/09/2013,12.88
08/12/2013,13.52
08/13/2013,12.86
08/14/2013,12.48
08/15/2013,14.14
08/16/2013,14.56
08/19/2013,14.94
08/20/2013,15.22
08/21/2013,16
08/22/2013,15.26
08/23/2013,14.29
08/26/2013,14.37
08/27/2013,16.56
08/28/2013,16.96
08/29/2013,16.79
08/30/2013,16.75
09/03/2013,16.47
09/04/2013,16.88
09/05/2013,16.12
09/06/2013,15.35
09/09/2013,15.86
09/10/2013,14.89
09/11/2013,14.74
09/12/2013,13.93
09/13/2013,14.27
09/16/2013,14.1
09/17/2013,14.44
09/18/2013,14.68
09/19/2013,13.02
09/20/2013,13.3
09/23/2013,14.04
09/24/2013,14.17
09/25/2013,14.24
09/26/2013,13.8
09/27/2013,14.62
09/30/2013,17.49
10/01/2013,16.31
10/02/2013,16.4
10/03/2013,16.63
10/04/2013,17.72
10/07/2013,18.76
10/08/2013,19.01
10/09/2013,20.19
10/10/2013,17.66
10/11/2013,16.31
10/14/2013,17.08
10/15/2013,16.41
10/16/2013,17.14
10/17/2013,14.52
10/18/2013,12.86
10/21/2013,13.34
10/22/2013,12.99
10/23/2013,13.71
10/24/2013,13.5
10/25/2013,13.16
10/28/2013,13.62
10/29/2013,13.25
10/30/2013,13.72
10/31/2013,13.83
11/01/2013,13.46
11/04/2013,13.35
11/05/2013,13.22
11/06/2013,13.01
11/07/2013,12.99
11/08/2013,13.76
11/11/2013,12.85
11/12/2013,12.8
11/13/2013,13.35
11/14/2013,12.8
11/15/2013,12.12
11/18/2013,12.41
11/19/2013,13.03
11/20/2013,13.56
11/21/2013,13.09
11/22/2013,12.69
11/25/2013,12.55
11/26/2013,12.84
11/27/2013,12.81
11/29/2013,13.06
12/02/2013,13.91
12/03/2013,14.74
12/04/2013,15.03
12/05/2013,14.82
12/06/2013,13.97
12/09/2013,13.97
12/10/2013,14.14
12/11/2013,13.98
12/12/2013,15.44
12/13/2013,15.17
12/16/2013,15.64
12/17/2013,16.04
12/18/2013,15.95
12/19/2013,13.59
12/20/2013,13.61
12/23/2013,13.37
12/24/2013,12.85
12/26/2013,12.48
12/27/2013,12.21
12/30/2013,12.87
12/31/2013,13.43
01/02/2014,14.32
01/03/2014,14.06
01/06/2014,13.41
01/07/2014,12.38
01/08/2014,13.04
01/09/2014,12.83
01/10/2014,12.6
01/13/2014,12.18
01/14/2014,12.89
01/15/2014,12.15
01/16/2014,12.32
01/17/2014,12.34
01/21/2014,12.63
01/22/2014,12.57
01/23/2014,13.67
01/24/2014,14.95
01/27/2014,17.29
01/28/2014,17.27
01/29/2014,17.95
01/30/2014,16.37
01/31/2014,18.71
02/03/2014,18.57
02/04/2014,19.99
02/05/2014,19.59
02/06/2014,19.09
02/07/2014,16.15
02/10/2014,15.63
02/11/2014,15.29
02/12/2014,14.31
02/13/2014,15.24
02/14/2014,14.21
02/18/2014,13.95
02/19/2014,14.85
02/20/2014,15.28
02/21/2014,14.74
02/24/2014,14.83
02/25/2014,14.17
02/26/2014,13.83
02/27/2014,14.56
02/28/2014,14.22
03/03/2014,16.47
03/04/2014,14.53
03/05/2014,14.13
03/06/2014,13.82
03/07/2014,13.51
03/10/2014,14.76
03/11/2014,14.22
03/12/2014,15.37
03/13/2014,14.28
03/14/2014,16.74
03/17/2014,16.39
03/18/2014,15.42
03/19/2014,14.56
03/20/2014,15.58
03/21/2014,13.96
03/24/2014,14.7
03/25/2014,14.16
03/26/2014,13.64
03/27/2014,15
03/28/2014,14.15
03/31/2014,13.88
04/01/2014,13.43
04/02/2014,13.17
04/03/2014,13.02
04/04/2014,12.88
04/07/2014,14.96
04/08/2014,15.59
04/09/2014,14.58
04/10/2014,13.98
04/11/2014,16.66
04/14/2014,16.14
04/15/2014,16.14
04/16/2014,14.89
04/17/2014,14.09
04/21/2014,14.1
04/22/2014,13.13
04/23/2014,13.35
04/24/2014,13.36
04/25/2014,13.93
04/28/2014,14.27
04/29/2014,13.88
04/30/2014,14.05
05/01/2014,13.64
05/02/2014,13.15
05/05/2014,13.95
05/06/2014,13.65
05/07/2014,13.64
05/08/2014,13.69
05/09/2014,13.55
05/12/2014,12.46
05/13/2014,12.36
05/14/2014,12.42
05/15/2014,12.73
05/16/2014,13.31
05/19/2014,13.17
05/20/2014,12.69
05/21/2014,12.38
05/22/2014,11.93
05/23/2014,11.96
05/27/2014,11.69
05/28/2014,11.6
05/29/2014,11.58
05/30/2014,11.66
06/02/2014,11.69
06/03/2014,12.03
06/04/2014,12.15
06/05/2014,12.09
06/06/2014,11.32
06/09/2014,11.23
06/10/2014,11.3
06/11/2014,11.42
06/12/2014,11.81
06/13/2014,12.45
06/16/2014,12.65
06/17/2014,12.81
06/18/2014,11.8
06/19/2014,10.53
06/20/2014,10.4
06/23/2014,11.26
06/24/2014,11.02
06/25/2014,12.31
06/26/2014,11.51
06/27/2014,11.72
06/30/2014,11.75
07/01/2014,11.28
07/02/2014,11.18
07/03/2014,10.47
07/07/2014,11.15
07/08/2014,11.72
07/09/2014,11.74
07/10/2014,13.22
07/11/2014,12.5
07/14/2014,11.6
07/15/2014,11.53
07/16/2014,10.81
07/17/2014,11.35
07/18/2014,13.34
07/21/2014,12.85
07/22/2014,11.97
07/23/2014,11.54
07/24/2014,11.43
07/25/2014,12.03
07/28/2014,12.93
07/29/2014,12.35
07/30/2014,12.63
07/31/2014,14.35
08/01/2014,16.67
08/04/2014,16.64
08/05/2014,15.54
08/06/2014,17.22
08/07/2014,15.5
08/08/2014,16.43
08/11/2014,15.16
08/12/2014,14.42
08/13/2014,13.57
08/14/2014,13.05
08/15/2014,11.91
08/18/2014,12.85
08/19/2014,12.14
08/20/2014,12.23
08/21/2014,11.93
08/22/2014,11.88
08/25/2014,11.58
08/26/2014,11.33
08/27/2014,11.69
08/28/2014,12.38
08/29/2014,11.86
09/02/2014,12.32
09/03/2014,12.03
09/04/2014,12.4
09/05/2014,12.37
09/08/2014,12.64
09/09/2014,12.7
09/10/2014,13.36
09/11/2014,13.53
09/12/2014,12.85
09/15/2014,13.54
09/16/2014,14.48
09/17/2014,13.06
09/18/2014,12.55
09/19/2014,11.73
09/22/2014,13.14
09/23/2014,14.82
09/24/2014,14.62
09/25/2014,14.11
09/26/2014,15.77
09/29/2014,16.96
09/30/2014,15.49
10/01/2014,16.44
10/02/2014,16.7
10/03/2014,15.16
10/06/2014,14.46
10/07/2014,16.18
10/08/2014,17.35
10/09/2014,15.64
10/10/2014,19.11
10/13/2014,21.16
10/14/2014,23.77
10/15/2014,26.36
10/16/2014,29.26
10/17/2014,21.68
10/20/2014,22.11
10/21/2014,17.72
10/22/2014,16.06
10/23/2014,16.07
10/24/2014,16.43
10/27/2014,17.24
10/28/2014,15.69
10/29/2014,14.61
10/30/2014,15.31
10/31/2014,13.84
11/03/2014,14.41
11/04/2014,15.05
11/05/2014,14.15
11/06/2014,14.46
11/07/2014,13.71
11/10/2014,13.16
11/11/2014,12.71
11/12/2014,13.76
11/13/2014,13.33
11/14/2014,13.79
11/17/2014,14.7
11/18/2014,13.86
11/19/2014,14.01
11/20/2014,14.66
11/21/2014,13.16
11/24/2014,12.92
11/25/2014,12.55
11/26/2014,12.27
11/28/2014,12.64
12/01/2014,14.16
12/02/2014,14.1
12/03/2014,12.75
12/04/2014,12.7
12/05/2014,12.08
12/08/2014,13.05
12/09/2014,16.23
12/10/2014,15.56
12/11/2014,17.68
12/12/2014,20.51
12/15/2014,19.59
12/16/2014,23.55
12/17/2014,23.9
12/18/2014,17.14
12/19/2014,16.57
12/22/2014,16.32
12/23/2014,14.47
12/24/2014,14.52
12/26/2014,14.6
12/29/2014,16.04
12/30/2014,15.9
12/31/2014,15.91
01/02/2015,17.76
01/05/2015,19.19
01/06/2015,20.33
01/07/2015,20.15
01/08/2015,17.93
01/09/2015,16.44
01/12/2015,18.02
01/13/2015,18.21
01/14/2015,22.87
01/15/2015,21.23
01/16/2015,22.8
01/20/2015,20.07
01/21/2015,20.92
01/22/2015,17.98
01/23/2015,16.79
01/26/2015,16.96
01/27/2015,17.6
01/28/2015,16.97
01/29/2015,20.46
01/30/2015,20.23
02/02/2015,20.89
02/03/2015,18.41
02/04/2015,17.82
02/05/2015,17.29
02/06/2015,16.29
02/09/2015,19.16
02/10/2015,17.72
02/11/2015,17.43
02/12/2015,16.39
02/13/2015,15.11
02/17/2015,15.86
02/18/2015,16.74
02/19/2015,16.11
02/20/2015,15.73
02/23/2015,15.05
02/24/2015,14.5
02/25/2015,13.64
02/26/2015,13.55
02/27/2015,14.07
03/02/2015,13.9
03/03/2015,13.35
03/04/2015,14.31
03/05/2015,14.01
03/06/2015,14.61
03/09/2015,15.72
03/10/2015,16.47
03/11/2015,16.44
03/12/2015,16.45
03/13/2015,15.47
03/16/2015,15.78
03/17/2015,16.31
03/18/2015,14.6
03/19/2015,14.68
03/20/2015,13.52
03/23/2015,13.52
03/24/2015,13.36
03/25/2015,13.26
03/26/2015,16.64
03/27/2015,15.73
03/30/2015,14.76
03/31/2015,14.97
04/01/2015,15.32
04/02/2015,15.3
04/06/2015,15.75
04/07/2015,14.57
04/08/2015,14.59
04/09/2015,14.14
04/10/2015,13.2
04/13/2015,13.17
04/14/2015,14.34
04/15/2015,13.58
04/16/2015,13.27
04/17/2015,13.97
04/20/2015,13.67
04/21/2015,12.75
04/22/2015,12.97
04/23/2015,12.96
04/24/2015,12.21
04/27/2015,12.34
04/28/2015,13.26
04/29/2015,13.44
04/30/2015,13.89
05/01/2015,13.98
05/04/2015,13.12
05/05/2015,13.21
05/06/2015,13.93
05/07/2015,15.48
05/08/2015,13.36
05/11/2015,13.35
05/12/2015,14.73
05/13/2015,13.63
05/14/2015,13.14
05/15/2015,12.46
05/18/2015,13.08
05/19/2015,12.95
05/20/2015,12.9
05/21/2015,13.03
05/22/2015,12.37
05/26/2015,13.45
05/27/2015,14.16
05/28/2015,13.49
05/29/2015,13.59
06/01/2015,13.92
06/02/2015,14.72
06/03/2015,13.73
06/04/2015,14.57
06/05/2015,15.01
06/08/2015,14.84
06/09/2015,15.18
06/10/2015,14.24
06/11/2015,13.04
06/12/2015,13.31
06/15/2015,15.48
06/16/2015,15.62
06/17/2015,14.66
06/18/2015,14.03
06/19/2015,13.35
06/22/2015,13.42
06/23/2015,12.5
06/24/2015,12.57
06/25/2015,12.96
06/26/2015,14.13
06/29/2015,16.7
06/30/2015,17.6
07/01/2015,16.63
07/02/2015,15.43
07/06/2015,18.65
07/07/2015,17.22
07/08/2015,17.38
07/09/2015,17.46
07/10/2015,17.45
07/13/2015,15.29
07/14/2015,13.91
07/15/2015,13.35
07/16/2015,12.59
07/17/2015,11.77
07/20/2015,12.25
07/21/2015,12.42
07/22/2015,12.77
07/23/2015,12.06
07/24/2015,12.87
07/27/2015,15.6
07/28/2015,14.87
07/29/2015,13.57
07/30/2015,12.72
07/31/2015,12.03
08/03/2015,12.85
08/04/2015,12.66
08/05/2015,12.02
08/06/2015,12.2
08/07/2015,13.57
08/10/2015,12.73
08/11/2015,13.24
08/12/2015,15.19
08/13/2015,13.87
08/14/2015,13.69
08/17/2015,14.32
08/18/2015,13.41
08/19/2015,14.84
08/20/2015,16.55
08/21/2015,22.55
08/24/2015,28.03
08/25/2015,31.13
08/26/2015,31.13
08/27/2015,27.11
08/28/2015,26.69
08/31/2015,27.03
09/01/2015,31.91
09/02/2015,29.14
09/03/2015,25.21
09/04/2015,27.43
09/08/2015,25.05
09/09/2015,22.39
09/10/2015,26.87
09/11/2015,25.38
09/14/2015,24.03
09/15/2015,23.28
09/16/2015,22.57
09/17/2015,21.54
09/18/2015,23.07
09/21/2015,21.97
09/22/2015,22.97
09/23/2015,22.09
09/24/2015,23.53
09/25/2015,21.12
09/28/2015,25.02
09/29/2015,26.57
09/30/2015,24.64
10/01/2015,23.14
10/02/2015,23.99
10/05/2015,20.31
10/06/2015,19.54
10/07/2015,18.96
10/08/2015,18.62
10/09/2015,17.15
10/12/2015,17.68
10/13/2015,17.08
10/14/2015,17.67
10/15/2015,17.62
10/16/2015,15.64
10/19/2015,15.68
10/20/2015,15.17
10/21/2015,14.98
10/22/2015,15.02
10/23/2015,13.46
10/26/2015,14.76
10/27/2015,15.75
10/28/2015,15.14
10/29/2015,14.8
10/30/2015,14.6
11/02/2015,15.41
11/03/2015,14.33
11/04/2015,14.04
11/05/2015,15.39
11/06/2015,14.91
11/09/2015,15.34
11/10/2015,16.69
11/11/2015,15.07
11/12/2015,17.06
11/13/2015,18.68
11/16/2015,20.51
11/17/2015,17.82
11/18/2015,19.01
11/19/2015,16.25
11/20/2015,16.13
11/23/2015,16.15
11/24/2015,16.53
11/25/2015,15.55
11/27/2015,15.31
11/30/2015,15.55
12/01/2015,15.61
12/02/2015,15.04
12/03/2015,15.87
12/04/2015,17.43
12/07/2015,15.65
12/08/2015,17.69
12/09/2015,18.05
12/10/2015,19.25
12/11/2015,21.36
12/14/2015,24.7
12/15/2015,20.76
12/16/2015,19.25
12/17/2015,16.18
12/18/2015,19.34
12/21/2015,19.64
12/22/2015,17.61
12/23/2015,15.86
12/24/2015,15.44
12/28/2015,17.65
12/29/2015,15.91
12/30/2015,16.5
12/31/2015,17.97
01/04/2016,22.48
01/05/2016,20.75
01/06/2016,21.67
01/07/2016,23.22
01/08/2016,22.96
01/11/2016,25.58
01/12/2016,22.97
01/13/2016,21.72
01/14/2016,24.75
01/15/2016,28.96
01/19/2016,25.4
01/20/2016,27.78
01/21/2016,27.79
01/22/2016,24.21
01/25/2016,23.3
01/26/2016,23.75
01/27/2016,22.88
01/28/2016,22.15
01/29/2016,21.59
02/01/2016,21.32
02/02/2016,21.34
02/03/2016,21.49
02/04/2016,22.29
02/05/2016,22.09
02/08/2016,25.89
02/09/2016,28.3
02/10/2016,25.75
02/11/2016,29.01
02/12/2016,27.16
02/16/2016,24.96
02/17/2016,23.4
02/18/2016,22.16
02/19/2016,22.39
02/22/2016,20.14
02/23/2016,19.75
02/24/2016,22.28
02/25/2016,20.54
02/26/2016,18.89
02/29/2016,20.49
03/01/2016,19.84
03/02/2016,17.98
03/03/2016,17.25
03/04/2016,16.48
03/07/2016,17.98
03/08/2016,18.38
03/09/2016,18.56
03/10/2016,18.17
03/11/2016,17.09
03/14/2016,17.01
03/15/2016,17.6
03/16/2016,15.96
03/17/2016,15.34
03/18/2016,14.05
03/21/2016,14.57
03/22/2016,14.57
03/23/2016,14.57
03/24/2016,16.3
03/28/2016,15.65
03/29/2016,15.74
03/30/2016,13.69
03/31/2016,13.73
04/01/2016,15.23
04/04/2016,13.88
04/05/2016,15.39
04/06/2016,15.61
04/07/2016,15.14
04/08/2016,15.34
04/11/2016,15.34
04/12/2016,15.98
04/13/2016,14.49
04/14/2016,13.9
04/15/2016,13.77
04/18/2016,14.87
04/19/2016,13.18
04/20/2016,13.39
04/21/2016,13.2
04/22/2016,13.7
04/25/2016,14.07
04/26/2016,14.01
04/27/2016,14.15
04/28/2016,14.53
04/29/2016,15.21
05/02/2016,16.33
05/03/2016,14.92
05/04/2016,15.47
05/05/2016,15.54
05/06/2016,16.2
05/09/2016,15.2
05/10/2016,13.98
05/11/2016,13.92
05/12/2016,14.55
05/13/2016,15.15
05/16/2016,15.72
05/17/2016,14.57
05/18/2016,15.72
05/19/2016,16.37
05/20/2016,16.13
05/23/2016,16.33
05/24/2016,16.03
05/25/2016,14.19
05/26/2016,13.8
05/27/2016,13.49
05/31/2016,13.94
06/01/2016,14.45
06/02/2016,14.42
06/03/2016,13.78
06/06/2016,13.84
06/07/2016,12.77
06/08/2016,13.84
06/09/2016,14.01
06/10/2016,14.89
06/13/2016,18.24
06/14/2016,21.28
06/15/2016,20.25
06/16/2016,20.8
06/17/2016,19.42
06/20/2016,17.42
06/21/2016,17.67
06/22/2016,18.26
06/23/2016,19.54
06/24/2016,26.06
06/27/2016,24.38
06/28/2016,21.76
06/29/2016,18.12
06/30/2016,16.91
07/01/2016,15.59
07/05/2016,16.05
07/06/2016,15.87
07/07/2016,14.8
07/08/2016,14.64
07/11/2016,13.25
07/12/2016,12.93
07/13/2016,13.32
07/14/2016,12.5
07/15/2016,13.12
07/18/2016,12.75
07/19/2016,12.53
07/20/2016,11.94
07/21/2016,11.8
07/22/2016,12.8
07/25/2016,12.64
07/26/2016,12.88
07/27/2016,12.61
07/28/2016,12.51
07/29/2016,12.85
08/01/2016,11.89
08/02/2016,12.39
08/03/2016,13.53
08/04/2016,12.73
08/05/2016,12.08
08/08/2016,11.66
08/09/2016,11.4
08/10/2016,11.55
08/11/2016,11.93
08/12/2016,11.61
08/15/2016,11.81
08/16/2016,12.04
08/17/2016,12.57
08/18/2016,12.2
08/19/2016,11.67
08/22/2016,12.53
08/23/2016,12.15
08/24/2016,12.7
08/25/2016,13.62
08/26/2016,13.54
08/29/2016,14.09
08/30/2016,12.94
08/31/2016,13.14
09/01/2016,13.07
09/02/2016,13.47
09/06/2016,12.42
09/07/2016,11.89
09/08/2016,11.74
09/09/2016,12.52
09/12/2016,20.13
09/13/2016,15.98
09/14/2016,17.63
09/15/2016,17.97
09/16/2016,16.41
09/19/2016,15.14
09/20/2016,14.98
09/21/2016,15.07
09/22/2016,13.39
09/23/2016,12
09/26/2016,13.26
09/27/2016,13.36
09/28/2016,12.9
09/29/2016,12.53
09/30/2016,14.91
10/03/2016,13.75
10/04/2016,13.4
10/05/2016,13.56
10/06/2016,13.11
10/07/2016,13.52
10/10/2016,14.19
10/11/2016,13.71
10/12/2016,15.53
10/13/2016,16.88
10/14/2016,16.49
10/17/2016,17.01
10/18/2016,15.82
10/19/2016,15.45
10/20/2016,14.43
10/21/2016,14.04
10/24/2016,13.19
10/25/2016,12.91
10/26/2016,13.66
10/27/2016,14.37
10/28/2016,15.67
10/31/2016,16.31
11/01/2016,16.54
11/02/2016,19.09
11/03/2016,19.85
11/04/2016,21.86
11/07/2016,19.78
11/08/2016,18.92
11/09/2016,20.7
11/10/2016,14.01
11/11/2016,14.83
11/14/2016,14.69
11/15/2016,14.16
11/16/2016,13.51
11/17/2016,13.37
11/18/2016,13.56
11/21/2016,13.27
11/22/2016,12.26
11/23/2016,12.34
11/25/2016,12.52
11/28/2016,13.4
11/29/2016,13.07
11/30/2016,12.6
12/01/2016,13.4
12/02/2016,14.16
12/05/2016,13.75
12/06/2016,12.19
12/07/2016,11.59
12/08/2016,12.1
12/09/2016,12.59
12/12/2016,12.23
12/13/2016,12.46
12/14/2016,12.88
12/15/2016,13.07
12/16/2016,12.88
12/19/2016,12.5
12/20/2016,11.65
12/21/2016,11.44
12/22/2016,11.32
12/23/2016,11.38
12/27/2016,12.26
12/28/2016,11.89
12/29/2016,13.15
12/30/2016,13.2
01/03/2017,14.07
01/04/2017,12.78
01/05/2017,11.96
01/06/2017,11.7
01/09/2017,11.71
01/10/2017,11.59
01/11/2017,11.56
01/12/2017,11.48
01/13/2017,11.45
01/17/2017,12.2
01/18/2017,11.79
01/19/2017,12.58
01/20/2017,12.58
01/23/2017,12.3
01/24/2017,11.82
01/25/2017,10.79
01/26/2017,10.61
01/27/2017,10.57
01/30/2017,11.1
01/31/2017,12.29
02/01/2017,11.79
02/02/2017,12.37
02/03/2017,11.84
02/06/2017,11.37
02/07/2017,11.39
02/08/2017,11.19
02/09/2017,11.44
02/10/2017,10.85
02/13/2017,11.36
02/14/2017,11.17
02/15/2017,10.84
02/16/2017,12.02
02/17/2017,11.84
02/21/2017,12.05
02/22/2017,11.48
02/23/2017,11.66
02/24/2017,11.81
02/27/2017,11.78
02/28/2017,12.19
03/01/2017,12.31
03/02/2017,12.43
03/03/2017,11.96
03/06/2017,11.59
03/07/2017,11.27
03/08/2017,11.49
03/09/2017,11.75
03/10/2017,11.97
03/13/2017,12.16
03/14/2017,11.39
03/15/2017,12.12
03/16/2017,11.29
03/17/2017,11.38
03/20/2017,11.71
03/21/2017,11.15
03/22/2017,12.95
03/23/2017,12.65
03/24/2017,12.86
03/27/2017,14.78
03/28/2017,12.44
03/29/2017,11.54
03/30/2017,11.37
03/31/2017,11.61
04/03/2017,12.59
04/04/2017,12.71
04/05/2017,11.89
04/06/2017,13.11
04/07/2017,13.17
04/10/2017,13.24
04/11/2017,14.32
04/12/2017,15.16
04/13/2017,15.89
04/17/2017,16.19
04/18/2017,14.5
04/19/2017,14
04/20/2017,14.59
04/21/2017,13.85
04/24/2017,11.56
04/25/2017,10.81
04/26/2017,10.61
04/27/2017,10.72
04/28/2017,10.39
05/01/2017,10.92
05/02/2017,10.15
05/03/2017,10.56
05/04/2017,10.71
05/05/2017,10.51
05/08/2017,10.53
05/09/2017,9.87
05/10/2017,9.75
05/11/2017,10.34
05/12/2017,10.72
05/15/2017,10.54
05/16/2017,10.46
05/17/2017,11.89
05/18/2017,14.06
05/19/2017,14.23
05/22/2017,12.29
05/23/2017,11
05/24/2017,10.61
05/25/2017,9.82
05/26/2017,9.93
05/30/2017,10.61
05/31/2017,10.1
06/01/2017,10.42
06/02/2017,10.08
06/05/2017,10.08
06/06/2017,10.19
06/07/2017,10.48
06/08/2017,10.27
06/09/2017,9.93
06/12/2017,11.19
06/13/2017,11.12
06/14/2017,10.33
06/15/2017,11.06
06/16/2017,10.63
06/19/2017,10.57
06/20/2017,10.28
06/21/2017,11.03
06/22/2017,10.81
06/23/2017,10.25
06/26/2017,10.13
06/27/2017,10.04
06/28/2017,11.17
06/29/2017,9.79
06/30/2017,11.74
07/03/2017,11.07
07/05/2017,11.2
07/06/2017,11.2
07/07/2017,12.48
07/10/2017,11.26
07/11/2017,10.79
07/12/2017,10.85
07/13/2017,10.07
07/14/2017,10.09
07/17/2017,9.77
07/18/2017,9.86
07/19/2017,9.69
07/20/2017,9.66
07/21/2017,9.52
07/24/2017,9.94
07/25/2017,9.4
07/26/2017,9.25
07/27/2017,9.33
07/28/2017,10.62
07/31/2017,10.53
08/01/2017,10.19
08/02/2017,10.08
08/03/2017,10.47
08/04/2017,10.48
08/07/2017,10.19
08/08/2017,10.04
08/09/2017,11.49
08/10/2017,11.57
08/11/2017,16.17
08/14/2017,14.05
08/15/2017,11.78
08/16/2017,11.59
08/17/2017,11.81
08/18/2017,15.38
08/21/2017,14.59
08/22/2017,12.6
08/23/2017,11.51
08/24/2017,12.06
08/25/2017,12.2
08/28/2017,12.09
08/29/2017,13.33
08/30/2017,11.4
08/31/2017,11.07
09/01/2017,10.33
09/05/2017,11.75
09/06/2017,12.27
09/07/2017,11.93
09/08/2017,11.87
09/11/2017,11.38
09/12/2017,10.66
09/13/2017,10.72
09/14/2017,10.57
09/15/2017,10.51
09/18/2017,10.18
09/19/2017,10.16
09/20/2017,10.04
09/21/2017,9.74
09/22/2017,9.9
09/25/2017,10.08
09/26/2017,10.42
09/27/2017,9.9
09/28/2017,9.74
09/29/2017,9.59
10/02/2017,9.59
10/03/2017,9.3
10/04/2017,9.53
10/05/2017,9.48
10/06/2017,9.23
10/09/2017,9.92
10/10/2017,10.15
10/11/2017,9.95
10/12/2017,9.94
10/13/2017,9.95
10/16/2017,9.95
10/17/2017,9.85
10/18/2017,10.34
10/19/2017,10.22
10/20/2017,9.92
10/23/2017,10.25
10/24/2017,10.89
10/25/2017,11.34
10/26/2017,11.17
10/27/2017,11.12
10/30/2017,10.28
10/31/2017,10.34
11/01/2017,9.79
11/02/2017,10.44
11/03/2017,9.83
11/06/2017,9.63
11/07/2017,9.31
11/08/2017,9.79
11/09/2017,9.94
11/10/2017,10.78
11/13/2017,11.43
11/14/2017,11.53
11/15/2017,12.52
11/16/2017,12.47
11/17/2017,11.75
11/20/2017,11.96
11/21/2017,10.74
11/22/2017,9.6
11/24/2017,9.82
11/27/2017,10.07
11/28/2017,9.72
11/29/2017,9.91
11/30/2017,10.49
12/01/2017,11.19
12/04/2017,11.05
12/05/2017,11.38
12/06/2017,11.63
12/07/2017,10.9
12/08/2017,10
12/11/2017,9.74
12/12/2017,9.36
12/13/2017,9.78
12/14/2017,9.98
12/15/2017,10.12
12/18/2017,9.46
12/19/2017,9.4
12/20/2017,9.69
12/21/2017,9.59
12/22/2017,9.37
12/26/2017,10.19
12/27/2017,10.04
12/28/2017,10.29
12/29/2017,10.03
01/02/2018,10.95
01/03/2018,9.56
01/04/2018,9.01
01/05/2018,9.1
01/08/2018,9.61
01/09/2018,9.41
01/10/2018,10.11
01/11/2018,9.69
01/12/2018,9.74
01/16/2018,10.42
01/17/2018,11.35
01/18/2018,12.01
01/19/2018,12.3
01/22/2018,11.59
01/23/2018,10.77
01/24/2018,11
01/25/2018,11.27
01/26/2018,11.4
01/29/2018,11.71
01/30/2018,13.93
01/31/2018,14.23
02/01/2018,13.05
02/02/2018,13.64
02/05/2018,18.44
02/06/2018,37.32
02/07/2018,31.38
02/08/2018,27.29
02/09/2018,32.18
02/12/2018,27.25
02/13/2018,26.94
02/14/2018,23.48
02/15/2018,18.39
02/16/2018,18.74
02/20/2018,20.53
02/21/2018,20.76
02/22/2018,20.57
02/23/2018,17.96
02/26/2018,16.53
02/27/2018,15.83
02/28/2018,18.08
03/01/2018,19.96
03/02/2018,22.47
03/05/2018,21.55
03/06/2018,18.25
03/07/2018,20.11
03/08/2018,17.56
03/09/2018,16.41
03/12/2018,15.28
03/13/2018,15.7
03/14/2018,16.59
03/15/2018,16.99
03/16/2018,16.6
03/19/2018,16.63
03/20/2018,18.38
03/21/2018,17.76
03/22/2018,18.13
03/23/2018,24.02
03/26/2018,23.41
03/27/2018,20.33
03/28/2018,22.52
03/29/2018,22.87
04/02/2018,21.07
04/03/2018,23.03
04/04/2018,21.68
04/05/2018,19.76
04/06/2018,20.33
04/09/2018,21.27
04/10/2018,20.51
04/11/2018,20.95
04/12/2018,19.83
04/13/2018,18.27
04/16/2018,17.59
04/17/2018,16.16
04/18/2018,15.3
04/19/2018,15.55
04/20/2018,16.16
04/23/2018,17.29
04/24/2018,16.16
04/25/2018,18.14
04/26/2018,18.07
04/27/2018,16.22
04/30/2018,15.39
05/01/2018,15.78
05/02/2018,15.48
05/03/2018,15.78
05/04/2018,15.94
05/07/2018,15.32
05/08/2018,14.53
05/09/2018,14.54
05/10/2018,13.36
05/11/2018,13.22
05/14/2018,12.95
05/15/2018,13.13
05/16/2018,14.38
05/17/2018,13.54
05/18/2018,13.18
05/21/2018,13.44
05/22/2018,13.03
05/23/2018,13.5
05/24/2018,12.73
05/25/2018,12.44
05/29/2018,14.39
05/30/2018,16.6
05/31/2018,14.93
06/01/2018,14.92
06/04/2018,13.91
06/05/2018,12.91
06/06/2018,12.1
06/07/2018,11.66
06/08/2018,12.54
06/11/2018,12.52
06/12/2018,12.29
06/13/2018,12.13
06/14/2018,12.98
06/15/2018,12.19
06/18/2018,12.79
06/19/2018,14.61
06/20/2018,12.9
06/21/2018,12.54
06/22/2018,14.6
06/25/2018,15.07
06/26/2018,16.71
06/27/2018,16.52
06/28/2018,17.54
06/29/2018,15.73
07/02/2018,17.7
07/03/2018,15.37
07/05/2018,15.62
07/06/2018,14.99
07/09/2018,13.42
07/10/2018,12.52
07/11/2018,14.05
07/12/2018,13.07
07/13/2018,12.39
07/16/2018,12.46
07/17/2018,12.91
07/18/2018,11.87
07/19/2018,12.2
07/20/2018,13
07/23/2018,13.47
07/24/2018,12.61
07/25/2018,12.37
07/26/2018,12.45
07/27/2018,12.17
07/30/2018,13.63
07/31/2018,13.98
08/01/2018,13.09
08/02/2018,13.57
08/03/2018,12.43
08/06/2018,11.91
08/07/2018,11.12
08/08/2018,10.93
08/09/2018,10.94
08/10/2018,11.82
08/13/2018,14.5
08/14/2018,13.93
08/15/2018,13.52
08/16/2018,14.18
08/17/2018,13.18
08/20/2018,12.57
08/21/2018,12.47
08/22/2018,13.09
08/23/2018,12.03
08/24/2018,12.13
08/27/2018,12.37
08/28/2018,12.01
08/29/2018,12.34
08/30/2018,12.25
08/31/2018,13.54
09/04/2018,13.13
09/05/2018,13.69
09/06/2018,14.21
09/07/2018,14.72
09/10/2018,15.09
09/11/2018,13.96
09/12/2018,13.07
09/13/2018,12.91
09/14/2018,12.13
09/17/2018,12.72
09/18/2018,13.48
09/19/2018,12.61
09/20/2018,11.82
09/21/2018,11.76
09/24/2018,12.46
09/25/2018,12.28
09/26/2018,12.21
09/27/2018,12.77
09/28/2018,12.59
10/01/2018,11.99
10/02/2018,12.47
10/03/2018,11.66
10/04/2018,12.84
10/05/2018,14.29
10/08/2018,16.05
10/09/2018,16.12
10/10/2018,16.03
10/11/2018,23.07
10/12/2018,21.63
10/15/2018,21.97
10/16/2018,20.28
10/17/2018,17.06
10/18/2018,18.02
10/19/2018,19.24
10/22/2018,19.38
10/23/2018,22.18
10/24/2018,21.6
10/25/2018,24.78
10/26/2018,24.51
10/29/2018,24.48
10/30/2018,23.94
10/31/2018,22.72
11/01/2018,20.96
11/02/2018,18.52
11/05/2018,20.58
11/06/2018,19.84
11/07/2018,18.03
11/08/2018,16.18
11/09/2018,16.87
11/12/2018,17.26
11/13/2018,19.45
11/14/2018,20.52
11/15/2018,20.41
11/16/2018,20.04
11/19/2018,18.78
11/20/2018,20.76
11/21/2018,21.66
11/23/2018,21.23
11/26/2018,20.78
11/27/2018,19.41
11/28/2018,18.87
11/29/2018,18.65
11/30/2018,19.18
12/03/2018,16.04
12/04/2018,16.84
12/06/2018,23.53
12/07/2018,22.42
12/10/2018,23.95
12/11/2018,22.96
12/12/2018,21.91
12/13/2018,21
12/14/2018,21.57
12/17/2018,22.36
12/18/2018,24.68
12/19/2018,25.15
12/20/2018,26.09
12/21/2018,28.24
12/24/2018,29.29
12/26/2018,35.5
12/27/2018,31.2
12/28/2018,29.97
12/31/2018,27.59
01/02/2019,27.54
01/03/2019,25.68
01/04/2019,24.36
01/07/2019,22.06
01/08/2019,20.96
01/09/2019,20.44
01/10/2019,20.98
01/11/2019,19.68
01/14/2019,19.84
01/15/2019,18.53
01/16/2019,18.08
01/17/2019,19.51
01/18/2019,17.8
01/22/2019,18.53
01/23/2019,20.85
01/24/2019,19.69
01/25/2019,18.43
01/28/2019,18.56
01/29/2019,19.45
01/30/2019,19.15
01/31/2019,17.39
02/01/2019,16.63
02/04/2019,16.72
02/05/2019,15.79
02/06/2019,15.44
02/07/2019,15.66
02/08/2019,16.81
02/11/2019,16.17
02/12/2019,15.23
02/13/2019,15.46
02/14/2019,15.61
02/15/2019,16.82
02/19/2019,15.65
02/20/2019,14.92
02/21/2019,14
02/22/2019,14.46
02/25/2019,13.91
02/26/2019,15.16
02/27/2019,15.53
02/28/2019,15.17
03/01/2019,14.57
03/04/2019,13.77
03/05/2019,14.52
03/06/2019,14.91
03/07/2019,16.33
03/08/2019,17.38
03/11/2019,16.28
03/12/2019,13.97
03/13/2019,14
03/14/2019,13.35
03/15/2019,13.21
03/18/2019,13.13
03/19/2019,12.89
03/20/2019,13.54
03/21/2019,14.11
03/22/2019,13.77
03/25/2019,17.76
03/26/2019,16.22
03/27/2019,14.52
03/28/2019,15.38
03/29/2019,14.19
04/01/2019,13.9
04/02/2019,13.62
04/03/2019,13.06
04/04/2019,13.84
04/05/2019,13.46
04/08/2019,13.55
04/09/2019,13.46
04/10/2019,14.09
04/11/2019,13.37
04/12/2019,12.96
04/15/2019,12.46
04/16/2019,12.26
04/17/2019,12.12
04/18/2019,12.8
04/22/2019,13.21
04/23/2019,12.66
04/24/2019,12.53
04/25/2019,13.29
04/26/2019,13.44
04/29/2019,13.04
04/30/2019,13.11
05/01/2019,12.86
05/02/2019,14.35
05/03/2019,14.11
05/06/2019,12.89
05/07/2019,15.9
05/08/2019,18.95
05/09/2019,21.4
05/10/2019,18.79
05/13/2019,18.62
05/14/2019,19.4
05/15/2019,17.57
05/16/2019,16.69
05/17/2019,15.89
05/20/2019,15.88
05/21/2019,15.86
05/22/2019,15.06
05/23/2019,15.93
05/24/2019,16.34
05/28/2019,16.55
05/29/2019,18.55
05/30/2019,17.47
05/31/2019,19.05
06/03/2019,19.41
06/04/2019,18.74
06/05/2019,17.06
06/06/2019,16.25
06/07/2019,15.65
06/10/2019,16.3
06/11/2019,15.84
06/12/2019,16.26
06/13/2019,16.16
06/14/2019,16
06/17/2019,15.65
06/18/2019,14.89
06/19/2019,15.05
06/20/2019,14.04
06/21/2019,14.74
06/24/2019,15.46
06/25/2019,15.43
06/26/2019,16.1
06/27/2019,15.66
06/28/2019,15.7
07/01/2019,13.85
07/02/2019,14.16
07/03/2019,13.18
07/05/2019,13
07/08/2019,13.73
07/09/2019,14.47
07/10/2019,14.38
07/11/2019,13.01
07/12/2019,12.76
07/15/2019,12.58
07/16/2019,12.61
07/17/2019,12.62
07/18/2019,14.45
07/19/2019,13.31
07/22/2019,14.55
07/23/2019,13.42
07/24/2019,12.8
07/25/2019,12.24
07/26/2019,12.58
07/29/2019,12.15
07/30/2019,12.87
07/31/2019,13.83
08/01/2019,15.41
08/02/2019,17.69
08/05/2019,19.96
08/06/2019,22.29
08/07/2019,20.7
08/08/2019,19.36
08/09/2019,18.14
08/12/2019,17.87
08/13/2019,21.28
08/14/2019,17.81
08/15/2019,21.58
08/16/2019,20.48
08/19/2019,17.93
08/20/2019,16.78
08/21/2019,17.01
08/22/2019,16.12
08/23/2019,16.15
08/26/2019,20.34
08/27/2019,20.18
08/28/2019,20.55
08/29/2019,19.02
08/30/2019,17.94
09/03/2019,20.96
09/04/2019,18.23
09/05/2019,16.92
09/06/2019,15.92
09/09/2019,15.26
09/10/2019,15.53
09/11/2019,15.33
09/12/2019,14.69
09/13/2019,14.16
09/16/2019,14.89
09/17/2019,14.92
09/18/2019,14.61
09/19/2019,14.66
09/20/2019,13.94
09/23/2019,15.35
09/24/2019,14.77
09/25/2019,17.05
09/26/2019,16.23
09/27/2019,15.77
09/30/2019,17.23
10/01/2019,16.02
10/02/2019,18.75
10/03/2019,20.11
10/04/2019,19.42
10/07/2019,18.27
10/08/2019,17.61
10/09/2019,19.94
10/10/2019,19.28
10/11/2019,17.35
10/14/2019,15.66
10/15/2019,13.94
10/16/2019,13.94
10/17/2019,13.79
10/18/2019,14.2
10/21/2019,14.24
10/22/2019,13.99
10/23/2019,14.83
10/24/2019,13.98
10/25/2019,13.53
10/28/2019,13.01
10/29/2019,13.16
10/30/2019,13.23
10/31/2019,12.21
11/01/2019,12.99
11/04/2019,12.68
11/05/2019,12.85
11/06/2019,13.18
11/07/2019,12.59
11/08/2019,12.98
11/11/2019,13.15
11/12/2019,12.64
11/13/2019,12.91
11/14/2019,13.16
11/15/2019,12.95
11/18/2019,12.39
11/19/2019,12.33
11/20/2019,13.42
11/21/2019,13.35
11/22/2019,12.82
11/25/2019,12.51
11/26/2019,11.88
11/27/2019,11.55
11/29/2019,12.5
12/02/2019,12.69
12/03/2019,14.68
12/04/2019,16.38
12/05/2019,14.46
12/06/2019,14.37
12/09/2019,14.25
12/10/2019,15.8
12/11/2019,15.57
12/12/2019,14.94
12/13/2019,13.18
12/16/2019,12.47
12/17/2019,12.23
12/18/2019,12.24
12/19/2019,12.55
12/20/2019,12.55
12/23/2019,12.81
12/24/2019,12.65
12/26/2019,12.74
12/27/2019,12.61
12/30/2019,13.74
12/31/2019,14.84
01/02/2020,13.46
01/03/2020,15.01
01/06/2020,15.45
01/07/2020,13.84
01/08/2020,15.16
01/09/2020,12.95
01/10/2020,12.42
01/13/2020,12.84
01/14/2020,12.72
01/15/2020,12.79
01/16/2020,12.2
01/17/2020,12.21
01/21/2020,13.23
01/22/2020,12.45
01/23/2020,13.26
01/24/2020,12.75
01/27/2020,17.42
01/28/2020,16.94
01/29/2020,15.68
01/30/2020,17.82
01/31/2020,16.25
02/03/2020,18.64
02/04/2020,16.45
02/05/2020,16.29
02/06/2020,15.13
02/07/2020,15.07
02/10/2020,15.88
02/11/2020,14.91
02/12/2020,14.86
02/13/2020,14.43
02/14/2020,14.12
02/18/2020,14.98
02/19/2020,14.66
02/20/2020,14.54
02/21/2020,17.33
02/24/2020,22.25
02/25/2020,22.19
02/26/2020,26.63
02/27/2020,28.95
02/28/2020,42.02
03/02/2020,34.86
03/03/2020,33.64
03/04/2020,34.44
03/05/2020,33.61
03/06/2020,41.46
03/09/2020,41.94
03/10/2020,49.68
03/11/2020,52.24
03/12/2020,61.46
03/13/2020,71.31
03/16/2020,57.83
03/17/2020,82.69
03/18/2020,69.37
03/19/2020,80.62
03/20/2020,67.86
03/23/2020,74.08
03/24/2020,58.76
03/25/2020,61.44
03/26/2020,65.67
03/27/2020,64.95
03/30/2020,66.3
03/31/2020,56.69
04/01/2020,57.38
04/02/2020,54.46
04/03/2020,51.11
04/06/2020,44.17
04/07/2020,44.83
04/08/2020,45.9
04/09/2020,43
04/13/2020,44.6
04/14/2020,40.24
04/15/2020,39.4
04/16/2020,41.92
04/17/2020,39.5
04/20/2020,40.68
04/21/2020,44.28
04/22/2020,44.91
04/23/2020,41.3
04/24/2020,41.91
04/27/2020,36.29
04/28/2020,33.21
04/29/2020,32.48
04/30/2020,30.99
05/01/2020,38.17
05/04/2020,39.13
05/05/2020,34.82
05/06/2020,32.69
05/07/2020,32.12
05/08/2020,30.14
05/11/2020,28.46
05/12/2020,28.47
05/13/2020,32.74
05/14/2020,35.16
05/15/2020,32.5
05/18/2020,30.71
05/19/2020,28.73
05/20/2020,29.52
05/21/2020,28.97
05/22/2020,31.36
05/26/2020,27.72
05/27/2020,27.62
05/28/2020,27.82
05/29/2020,29.3
06/01/2020,28.94
06/02/2020,28.4
06/03/2020,26.75
06/04/2020,26.23
06/05/2020,24.79
06/08/2020,25.56
06/09/2020,25.93
06/10/2020,26.73
06/11/2020,30.45
06/12/2020,37.68
06/15/2020,44.09
06/16/2020,34.28
06/17/2020,33.28
06/18/2020,33.83
06/19/2020,32.07
06/22/2020,35.22
06/23/2020,31.71
06/24/2020,31.05
06/25/2020,36.59
06/26/2020,33.01
06/29/2020,35.05
06/30/2020,32.54
07/01/2020,30.96
07/02/2020,28.33
07/06/2020,27.76
07/07/2020,28.77
07/08/2020,28.95
07/09/2020,28.18
07/10/2020,30.86
07/13/2020,27.85
07/14/2020,31.14
07/15/2020,29.15
07/16/2020,28.41
07/17/2020,27.15
07/20/2020,26.94
07/21/2020,24.08
07/22/2020,24.56
07/23/2020,23.97
07/24/2020,27.96
07/27/2020,26.6
07/28/2020,24.86
07/29/2020,25.16
07/30/2020,25.04
07/31/2020,24.79
08/03/2020,25.75
08/04/2020,24.01
08/05/2020,23.44
08/06/2020,23.03
08/07/2020,23.45
08/10/2020,22.88
08/11/2020,21.85
08/12/2020,22.82
08/13/2020,22.2
08/14/2020,22.27
08/17/2020,22.52
08/18/2020,21.69
08/19/2020,21.6
08/20/2020,24.1
08/21/2020,22.58
08/24/2020,22.87
08/25/2020,22.16
08/26/2020,22.14
08/27/2020,23.42
08/28/2020,24.59
08/31/2020,23.91
09/01/2020,25.86
09/02/2020,26.01
09/03/2020,26.28
09/04/2020,34.62
09/08/2020,30.61
09/09/2020,31.68
09/10/2020,28.67
09/11/2020,28.63
09/14/2020,25.86
09/15/2020,25.92
09/16/2020,25.31
09/17/2020,28.22
09/18/2020,26.65
09/21/2020,28.04
09/22/2020,28.61
09/23/2020,27.02
09/24/2020,29.54
09/25/2020,28.17
09/28/2020,27.15
09/29/2020,26.81
09/30/2020,26.69
10/01/2020,25.78
10/02/2020,28.87
10/05/2020,29.52
10/06/2020,28.05
10/07/2020,29.26
10/08/2020,27.65
10/09/2020,26.2
10/12/2020,25.65
10/13/2020,25.67
10/14/2020,25.72
10/15/2020,27.1
10/16/2020,27.16
10/19/2020,27.36
10/20/2020,28.81
10/21/2020,29.12
10/22/2020,30.1
10/23/2020,28.47
10/26/2020,29.38
10/27/2020,32.04
10/28/2020,34.69
10/29/2020,38.8
10/30/2020,40.81
11/02/2020,38.57
11/03/2020,36.44
11/04/2020,36.79
11/05/2020,27.56
11/06/2020,27.87
11/09/2020,24.8
11/10/2020,25.36
11/11/2020,25.01
11/12/2020,24.39
11/13/2020,24.94
11/16/2020,23.66
11/17/2020,22.84
11/18/2020,22.86
11/19/2020,23.62
11/20/2020,23.43
11/23/2020,23.66
11/24/2020,22.04
11/25/2020,21.65
11/27/2020,21.52
11/30/2020,22.64
12/01/2020,20.21
12/02/2020,21
12/03/2020,21.24
12/04/2020,21.05
12/07/2020,22.04
12/08/2020,21.65
12/09/2020,20.66
12/10/2020,22.12
12/11/2020,22.49
12/14/2020,22.67
12/15/2020,24
12/16/2020,22.51
12/17/2020,21.98
12/18/2020,22.15
12/21/2020,24.25
12/22/2020,25.24
12/23/2020,23.49
12/24/2020,22.47
12/28/2020,22.11
12/29/2020,21.61
12/30/2020,22.58
12/31/2020,22.99
01/04/2021,23.04
01/05/2021,26.94
01/06/2021,25.48
01/07/2021,23.67
01/08/2021,22.43
01/11/2021,23.31
01/12/2021,23.49
01/13/2021,23.07
01/14/2021,22.22
01/15/2021,23.52
01/19/2021,23.03
01/20/2021,22.82
01/21/2021,21.34
01/22/2021,22.24
01/25/2021,22.31
01/26/2021,23.91
01/27/2021,23.82
01/28/2021,33.25
01/29/2021,35.16
02/01/2021,31.45
02/02/2021,28.01
02/03/2021,24.59
02/04/2021,23.44
02/05/2021,21.99
02/08/2021,21.89
02/09/2021,21.57
02/10/2021,21.64
02/11/2021,22.09
02/12/2021,21.6
02/16/2021,21.13
02/17/2021,22.02
02/18/2021,21.98
02/19/2021,23.1
02/22/2021,24.46
02/23/2021,22.82
02/24/2021,23.76
02/25/2021,21.73
02/26/2021,28.73
03/01/2021,25.2
03/02/2021,23.58
03/03/2021,22.8
03/04/2021,26.52
03/05/2021,29.48
03/08/2021,27.61
03/09/2021,25.11
03/10/2021,23.76
03/11/2021,22.5
03/12/2021,22.57
03/15/2021,21.84
03/16/2021,20.14
03/17/2021,20.1
03/18/2021,18.95
03/19/2021,21.43
03/22/2021,21.91
03/23/2021,19.46
03/24/2021,20.64
03/25/2021,20.8
03/26/2021,19.32
03/29/2021,20.4
03/30/2021,20.76
03/31/2021,19.8
04/01/2021,18.6
04/05/2021,18.16
04/06/2021,18.07
04/07/2021,17.99
04/08/2021,16.92
04/09/2021,17.05
04/12/2021,17.43
04/13/2021,16.99
04/14/2021,16.71
04/15/2021,16.78
04/16/2021,16.65
04/19/2021,17.04
04/20/2021,17.36
04/21/2021,18.48
04/22/2021,17.28
04/23/2021,18.56
04/26/2021,17.94
04/27/2021,17.62
04/28/2021,17.47
04/29/2021,16.88
04/30/2021,17.67
05/03/2021,18.65
05/04/2021,18.16
05/05/2021,18.84
05/06/2021,18.41
05/07/2021,18.45
05/10/2021,17.34
05/11/2021,21.17
05/12/2021,22.42
05/13/2021,26.03
05/14/2021,21.77
05/17/2021,19.89
05/18/2021,18.89
05/19/2021,22.46
05/20/2021,22.33
05/21/2021,20.42
05/24/2021,20.5
05/25/2021,18.35
05/26/2021,18.37
05/27/2021,18.03
05/28/2021,16.8
06/01/2021,17.24
06/02/2021,17.86
06/03/2021,17.73
06/04/2021,18.09
06/07/2021,17.34
06/08/2021,16.58
06/09/2021,17.18
06/10/2021,18.18
06/11/2021,16.18
06/14/2021,16.04
06/15/2021,16.27
06/16/2021,16.99
06/17/2021,18.49
06/18/2021,16.96
06/21/2021,21.74
06/22/2021,17.91
06/23/2021,16.25
06/24/2021,15.99
06/25/2021,16.04
06/28/2021,16.07
06/29/2021,15.69
06/30/2021,16.18
07/01/2021,15.62
07/02/2021,15.53
07/06/2021,15.77
07/07/2021,16.43
07/08/2021,17.74
07/09/2021,17.88
07/12/2021,16.85
07/13/2021,16.39
07/14/2021,17.34
07/15/2021,16.7
07/16/2021,16.8
07/19/2021,19.61
07/20/2021,20.89
07/21/2021,19.73
07/22/2021,17.59
07/23/2021,16.98
07/26/2021,18.67
07/27/2021,18.62
07/28/2021,19.41
07/29/2021,17.91
07/30/2021,19.69
08/02/2021,18.16
08/03/2021,19.17
08/04/2021,18.23
08/05/2021,17.73
08/06/2021,17.46
08/09/2021,17.12
08/10/2021,16.82
08/11/2021,16.81
08/12/2021,16.33
08/13/2021,15.68
08/16/2021,17.05
08/17/2021,17.31
08/18/2021,17.56
08/19/2021,23.12
08/20/2021,22.74
08/23/2021,18.83
08/24/2021,16.96
08/25/2021,17.42
08/26/2021,17.46
08/27/2021,17.95
08/30/2021,16.77
08/31/2021,15.98
09/01/2021,16.06
09/02/2021,16.27
09/03/2021,16.27
09/07/2021,16.94
09/08/2021,18.97
09/09/2021,19.44
09/10/2021,17.94
09/13/2021,19.64
09/14/2021,19.58
09/15/2021,19.3
09/16/2021,18.41
09/17/2021,18.37
09/20/2021,24.25
09/21/2021,23.41
09/22/2021,22.72
09/23/2021,19.91
09/24/2021,19.33
09/27/2021,17.78
09/28/2021,19.74
09/29/2021,22.07
09/30/2021,21.48
10/01/2021,24.78
10/04/2021,22.9
10/05/2021,22.92
10/06/2021,22.95
10/07/2021,20.54
10/08/2021,19.46
10/11/2021,19.93
10/12/2021,20.62
10/13/2021,20.14
10/14/2021,18.01
10/15/2021,16.64
10/18/2021,17.29
10/19/2021,16.09
10/20/2021,15.82
10/21/2021,16.06
10/22/2021,15.35
10/25/2021,16.14
10/26/2021,15.02
10/27/2021,15.79
10/28/2021,17.06
10/29/2021,17.4
11/01/2021,16.85
11/02/2021,16.54
11/03/2021,16.11
11/04/2021,15.06
11/05/2021,15.59
11/08/2021,17.23
11/09/2021,17.43
11/10/2021,17.74
11/11/2021,18.34
11/12/2021,17.49
11/15/2021,17.03
11/16/2021,16.86
11/17/2021,16.36
11/18/2021,16.81
11/19/2021,17.36
11/22/2021,18.2
11/23/2021,20.24
11/24/2021,19.17
11/26/2021,26.62
11/29/2021,25.31
11/30/2021,26.23
12/01/2021,24.92
12/02/2021,29.44
12/03/2021,26.95
12/06/2021,28.99
12/07/2021,24.58
12/08/2021,21.74
12/09/2021,20.31
12/10/2021,21.27
12/13/2021,19.29
12/14/2021,19.67
12/15/2021,21.6
12/16/2021,18.56
12/17/2021,20.7
12/20/2021,25.89
12/21/2021,22.28
12/22/2021,21.04
12/23/2021,18.81
12/27/2021,19.37
12/28/2021,17.78
12/29/2021,17.63
12/30/2021,17.3
12/31/2021,17.63
01/03/2022,17.6
01/04/2022,16.57
01/05/2022,17.07
01/06/2022,20.29
01/07/2022,19.85
01/10/2022,19.58
01/11/2022,19.62
01/12/2022,18.17
01/13/2022,18.06
01/14/2022,20.11
01/18/2022,21.18
01/19/2022,23.12
01/20/2022,23.46
01/21/2022,25.38
01/24/2022,28.2
01/25/2022,32.29
01/26/2022,29.35
01/27/2022,32.19
01/28/2022,30.27
01/31/2022,28.36
02/01/2022,24.57
02/02/2022,21.56
02/03/2022,22.63
02/04/2022,23.77
02/07/2022,24.09
02/08/2022,23.09
02/09/2022,21.27
02/10/2022,20.37
02/11/2022,24.39
02/14/2022,29.17
02/15/2022,28.09
02/16/2022,25.19
02/17/2022,24.83
02/18/2022,26.66
02/22/2022,31.8
02/23/2022,28.04
02/24/2022,37.5
02/25/2022,31.68
02/28/2022,32.44
03/01/2022,29.45
03/02/2022,34.2
03/03/2022,30.52
03/04/2022,31.9
03/07/2022,35.88
03/08/2022,36.19
03/09/2022,33.74
03/10/2022,33.03
03/11/2022,30.43
03/14/2022,31.03
03/15/2022,33.13
03/16/2022,29.02
03/17/2022,26.51
03/18/2022,26.36
03/21/2022,25.14
03/22/2022,24.02
03/23/2022,23.04
03/24/2022,23.61
03/25/2022,21.87
03/28/2022,22.14
03/29/2022,19.7
03/30/2022,19.38
03/31/2022,19.68
04/01/2022,20.62
04/04/2022,20.75
04/05/2022,18.79
04/06/2022,21.27
04/07/2022,21.97
04/08/2022,21.25
04/11/2022,23.09
04/12/2022,24.94
04/13/2022,23.52
04/14/2022,21.72
04/18/2022,24.52
04/19/2022,22.55
04/20/2022,21.13
04/21/2022,20.24
04/22/2022,22.71
04/25/2022,30.04
04/26/2022,27.38
04/27/2022,31.11
04/28/2022,29.91
04/29/2022,28.97
05/02/2022,33.35
05/03/2022,31.76
05/04/2022,29.12
05/05/2022,25.97
05/06/2022,32.23
05/09/2022,31.9
05/10/2022,33.66
05/11/2022,32.87
05/12/2022,33.74
05/13/2022,31.09
05/16/2022,30.01
05/17/2022,27.07
05/18/2022,26.74
05/19/2022,31.24
05/20/2022,28.78
05/23/2022,28.98
05/24/2022,29.43
05/25/2022,29.33
05/26/2022,28.42
05/27/2022,27.5
05/30/2022,26.16
05/31/2022,27.47
06/01/2022,26.05
06/02/2022,25.73
06/03/2022,24.91
06/06/2022,25.37
06/07/2022,25.54
06/08/2022,24.37
06/09/2022,24.29
06/10/2022,26.26
06/13/2022,31.37
06/14/2022,33.01
06/15/2022,32.39
06/16/2022,30.35
06/17/2022,32.84
06/20/2022,32.06
06/21/2022,30.63
06/22/2022,31.45
06/23/2022,29.29
06/24/2022,29.07
06/27/2022,28.3
06/28/2022,26.9
06/29/2022,28.8
06/30/2022,29.42
07/01/2022,29.53
07/04/2022,27.96
07/05/2022,27.37
07/06/2022,27.84
07/07/2022,26.73
07/08/2022,26.41
07/11/2022,26.42
07/12/2022,27.14
07/13/2022,27.35
07/14/2022,27.47
07/15/2022,26.72
07/18/2022,24.83
07/19/2022,25.12
07/20/2022,24.23
07/21/2022,24.07
07/22/2022,23.3
07/25/2022,24.33
07/26/2022,23.95
07/27/2022,24.27
07/28/2022,23.33
07/29/2022,22.13
08/01/2022,22.41
08/02/2022,24.08
08/03/2022,23.86
08/04/2022,22.06
08/05/2022,21.5
08/08/2022,21.74
08/09/2022,21.41
08/10/2022,22.28
08/11/2022,19.84
08/12/2022,20.34
08/15/2022,20.74
08/16/2022,20.23
08/17/2022,19.74
08/18/2022,20.51
08/19/2022,20.16
08/22/2022,22.41
08/23/2022,24.13
08/24/2022,24.37
08/25/2022,22.41
08/26/2022,22.07
08/29/2022,26.86
08/30/2022,25.75
08/31/2022,25.86
09/01/2022,26.88
09/02/2022,25.51
09/05/2022,26.51
09/06/2022,25.46
09/07/2022,26.93
09/08/2022,24.7
09/09/2022,23.49
09/12/2022,23.58
09/13/2022,23.67
09/14/2022,26.73
09/15/2022,26.1
09/16/2022,27.47
09/19/2022,27.69
09/20/2022,25.65
09/21/2022,28.03
09/22/2022,28.16
09/23/2022,27.68
09/26/2022,31.74
09/27/2022,31.2
09/28/2022,34.5
09/29/2022,31.67
09/30/2022,31.61
10/03/2022,33
10/04/2022,29.52
10/05/2022,29.36
10/06/2022,28.6
10/07/2022,30.37
10/10/2022,32.93
10/11/2022,33.56
10/12/2022,33.54
10/13/2022,33.6
10/14/2022,31.89
10/17/2022,32.27
10/18/2022,31.1
10/19/2022,30.94
10/20/2022,31.3
10/21/2022,30.21
10/24/2022,30.65
10/25/2022,29.8
10/26/2022,28.44
10/27/2022,27.51
10/28/2022,27.43
10/31/2022,26.91
11/01/2022,25.96
11/02/2022,26.04
11/03/2022,25.98
11/04/2022,25.63
11/07/2022,25.67
11/08/2022,24.71
11/09/2022,25.34
11/10/2022,26.51
11/11/2022,23.89
11/14/2022,23.99
11/15/2022,23.77
11/16/2022,24.29
11/17/2022,24.05
11/18/2022,24.03
11/21/2022,24.05
11/22/2022,22.59
11/23/2022,21.49
11/24/2022,20.5
11/25/2022,20.61
11/28/2022,22.09
11/29/2022,22.09
11/30/2022,21.7
12/01/2022,20.83
12/02/2022,20.42
12/05/2022,20.3
12/06/2022,20.69
12/07/2022,22.32
12/08/2022,22.81
12/09/2022,22.55
12/12/2022,24.4
12/13/2022,25.24
12/14/2022,22.83
12/15/2022,21.52
12/16/2022,23.26
12/19/2022,22.63
12/20/2022,23.17
12/21/2022,21.25
12/22/2022,20.08
12/23/2022,22.17
12/27/2022,21.67
12/28/2022,21.47
12/29/2022,22.25
12/30/2022,21.83
01/03/2023,23.09
01/04/2023,22.93
01/05/2023,22.2
01/06/2023,22.69
01/09/2023,21.75
01/10/2023,22.22
01/11/2023,20.8
01/12/2023,21.56
01/13/2023,19
01/16/2023,19.44
01/17/2023,19.89
01/18/2023,19.28
01/19/2023,20.43
01/20/2023,20.28
01/23/2023,20.21
01/24/2023,19.89
01/25/2023,19.56
01/26/2023,19.05
01/27/2023,18.9
01/30/2023,19.76
01/31/2023,20.12
02/01/2023,19.62
02/02/2023,17.74
02/03/2023,18.57
02/06/2023,19.23
02/07/2023,19.54
02/08/2023,18.88
02/09/2023,19.24
02/10/2023,20.74
02/13/2023,21.66
02/14/2023,20.72
02/15/2023,19.37
02/16/2023,18.26
02/17/2023,20.94
02/20/2023,21.06
02/21/2023,21.8
02/22/2023,23.03
02/23/2023,21.96
02/24/2023,21.35
02/27/2023,21.99
02/28/2023,21.3
03/01/2023,20.39
03/02/2023,21.41
03/03/2023,19.76
03/06/2023,19.05
03/07/2023,18.64
03/08/2023,19.71
03/09/2023,19.33
03/10/2023,23.34
03/13/2023,24.05
03/14/2023,26.85
03/15/2023,23.21
03/16/2023,26.19
03/17/2023,22.92
03/20/2023,27.77
03/21/2023,24.16
03/22/2023,21.8
03/23/2023,21.54
03/24/2023,22.11
03/27/2023,22.05
03/28/2023,20.53
03/29/2023,19.39
03/30/2023,19.12
03/31/2023,19.21
04/03/2023,19.79
04/04/2023,18.79
04/05/2023,19.42
04/06/2023,19.3
04/10/2023,19.39
04/11/2023,19.08
04/12/2023,19.38
04/13/2023,18.83
04/14/2023,17.94
04/17/2023,17.58
04/18/2023,16.94
04/19/2023,17.3
04/20/2023,16.85
04/21/2023,17.51
04/24/2023,18.22
04/25/2023,17.62
04/26/2023,18.66
04/27/2023,18.43
04/28/2023,17.21
05/01/2023,16.41
05/02/2023,16.27
05/03/2023,17.82
05/04/2023,19.17
05/05/2023,19.5
05/08/2023,17.73
05/09/2023,17.29
05/10/2023,17.58
05/11/2023,16.8
05/12/2023,16.83
05/15/2023,17.44
05/16/2023,17.54
05/17/2023,17.96
05/18/2023,16.92
05/19/2023,16.13
05/22/2023,17.45
05/23/2023,17.35
05/24/2023,18.8
05/25/2023,19.54
05/26/2023,19.07
05/29/2023,17.53
05/30/2023,17.56
05/31/2023,18.04
06/01/2023,17.24
06/02/2023,15.65
06/05/2023,15.28
06/06/2023,14.91
06/07/2023,14.14
06/08/2023,14.14
06/09/2023,13.78
06/12/2023,14.44
06/13/2023,14.99
06/14/2023,14.48
06/15/2023,14.09
06/16/2023,14.49
06/19/2023,14.09
06/20/2023,14.36
06/21/2023,13.88
06/22/2023,13.88
06/23/2023,13.24
06/26/2023,14.43
06/27/2023,14.11
06/28/2023,13.9
06/29/2023,13.64
06/30/2023,13.51
07/03/2023,13.85
07/04/2023,13.54
07/05/2023,14.19
07/06/2023,14.85
07/07/2023,15.97
07/10/2023,16.08
07/11/2023,15.02
07/12/2023,14.82
07/13/2023,13.44
07/14/2023,13.72
07/17/2023,13.78
07/18/2023,13.61
07/19/2023,13.32
07/20/2023,13.96
07/21/2023,13.87
07/24/2023,14.29
07/25/2023,14.02
07/26/2023,13.86
07/27/2023,13.14
07/28/2023,14.03
07/31/2023,13.98
08/01/2023,13.75
08/02/2023,15.7
08/03/2023,16.77
08/04/2023,16.01
08/07/2023,16.9
08/08/2023,16.28
08/09/2023,15.81
08/10/2023,15.58
08/11/2023,15.53
08/14/2023,15.88
08/15/2023,14.95
08/16/2023,16.54
08/17/2023,16.96
08/18/2023,17.8
08/21/2023,18.03
08/22/2023,16.96
08/23/2023,16.64
08/24/2023,15.57
08/25/2023,17.21
08/28/2023,16.24
08/29/2023,15.08
08/30/2023,14.53
08/31/2023,13.98
09/01/2023,13.56
09/04/2023,13.62
09/05/2023,14.15
09/06/2023,14.27
09/07/2023,14.81
09/08/2023,14.22
09/11/2023,14.17
09/12/2023,14.02
09/13/2023,14.42
09/14/2023,13.39
09/15/2023,12.7
09/18/2023,14.4
09/19/2023,14.11
09/20/2023,14.18
09/21/2023,15.49
09/22/2023,17.31
09/25/2023,17.25
09/26/2023,18.03
09/27/2023,18.29
09/28/2023,18.22
09/29/2023,16.87
10/02/2023,17.31
10/03/2023,17.81
10/04/2023,20.72
10/05/2023,18.67
10/06/2023,18.73
10/09/2023,19.54
10/10/2023,17.7
10/11/2023,16.95
10/12/2023,16.08
10/13/2023,16.53
10/16/2023,19.1
10/17/2023,17.41
10/18/2023,18.36
10/19/2023,19.73
10/20/2023,21.59
10/23/2023,21.83
10/24/2023,20.03
10/25/2023,19.39
10/26/2023,21.78
10/27/2023,20.39
10/30/2023,21.13
10/31/2023,19.86
11/01/2023,18.02
11/02/2023,16.59
11/03/2023,15.7
11/06/2023,15.39
11/07/2023,15.1
11/08/2023,14.91
11/09/2023,14.61
11/10/2023,15.09
11/13/2023,15.16
11/14/2023,14.83
11/15/2023,14.21
11/16/2023,14.12
11/17/2023,14.18
11/20/2023,14.26
11/21/2023,13.45
11/22/2023,13.08
11/23/2023,12.84
11/24/2023,13.03
11/27/2023,13.14
11/28/2023,12.78
11/29/2023,12.71
11/30/2023,13.07
12/01/2023,12.94
12/04/2023,13.28
12/05/2023,13.26
12/06/2023,12.78
12/07/2023,13.17
12/08/2023,13.14
12/11/2023,13.05
12/12/2023,12.69
12/13/2023,12.2
12/14/2023,11.96
12/15/2023,12.12
12/18/2023,12.62
12/19/2023,12.6
12/20/2023,12.63
12/21/2023,13.4
12/22/2023,13.72
12/26/2023,13.77
12/27/2023,13.02
12/28/2023,12.44
12/29/2023,12.55
01/02/2024,13.22
01/03/2024,13.35
01/04/2024,13.93
01/05/2024,14.24
01/08/2024,14
01/09/2024,13.2
01/10/2024,12.86
01/11/2024,12.64
01/12/2024,12.66
01/15/2024,13.23
01/16/2024,14.12
01/17/2024,14.59
01/18/2024,14.85
01/19/2024,13.8
01/22/2024,13.77
01/23/2024,13.2
01/24/2024,12.66
01/25/2024,13.18
01/26/2024,13.73
01/29/2024,13.98
01/30/2024,13.69
01/31/2024,13.42
02/01/2024,14.21
02/02/2024,13.95
02/05/2024,14.37
02/06/2024,13.57
02/07/2024,13.06
02/08/2024,12.95
02/09/2024,12.79
02/12/2024,13.48
02/13/2024,13.96
02/14/2024,15.38
02/15/2024,14.27
02/16/2024,13.94
02/19/2024,14.72
02/20/2024,15.09
02/21/2024,15.54
02/22/2024,14.28
02/23/2024,14.31
02/26/2024,14.17
02/27/2024,13.63
02/28/2024,13.52
02/29/2024,14.14
03/01/2024,13.34
03/04/2024,13.49
03/05/2024,13.75
03/06/2024,14.27
03/07/2024,14.98
03/08/2024,14.22
03/11/2024,15.51
03/12/2024,14.97
03/13/2024,13.89
03/14/2024,13.62
03/15/2024,14.33
03/18/2024,14.75
03/19/2024,14.5
03/20/2024,13.83
03/21/2024,12.98
03/22/2024,12.92
03/25/2024,13.67
03/26/2024,13.12
03/27/2024,13.13
03/28/2024,12.93
04/01/2024,13.61
04/02/2024,13.74
04/03/2024,15
04/04/2024,14.29
04/05/2024,16.45
04/08/2024,16.24
04/09/2024,15.34
04/10/2024,15.24
04/11/2024,16.02
04/12/2024,14.91
04/15/2024,16.94
04/16/2024,19.49
04/17/2024,18.24
04/18/2024,17.91
04/19/2024,21.33
04/22/2024,18.59
04/23/2024,16.72
04/24/2024,15.76
04/25/2024,16.25
04/26/2024,15.49
04/29/2024,15.37
04/30/2024,14.82
05/01/2024,15.75
05/02/2024,15.14
05/03/2024,14.51
05/06/2024,13.98
05/07/2024,13.52
05/08/2024,13.24
05/09/2024,13.08
05/10/2024,12.77
05/13/2024,13.26
05/14/2024,13.71
05/15/2024,13.73
05/16/2024,12.52
05/17/2024,12.28
05/20/2024,12.27
05/21/2024,12.3
05/22/2024,12.05
05/23/2024,11.53
05/24/2024,12.86
05/27/2024,12.41
05/28/2024,12.51
05/29/2024,13.75
05/30/2024,14.82
05/31/2024,14.5
06/03/2024,13.08
06/04/2024,13.51
06/05/2024,13.14
06/06/2024,12.75
06/07/2024,12.69
06/10/2024,13.09
06/11/2024,12.85
06/12/2024,13.1
06/13/2024,12.05
06/14/2024,12.22
06/17/2024,13.07
06/18/2024,12.7
06/19/2024,12.32
06/20/2024,12.5
06/21/2024,13.22
06/24/2024,13.85
06/25/2024,13.48
06/26/2024,12.81
06/27/2024,12.69
06/28/2024,12.24
07/01/2024,12.98
07/02/2024,12.67
07/03/2024,12.13
07/04/2024,12.1
07/05/2024,12.37
07/08/2024,12.91
07/09/2024,12.48
07/10/2024,12.51
07/11/2024,12.88
07/12/2024,12.87
07/15/2024,12.78
07/16/2024,13.38
07/17/2024,13.6
07/18/2024,14.27
07/19/2024,16.44
07/22/2024,16.79
07/23/2024,15.21
07/24/2024,15.35
07/25/2024,18.41
07/26/2024,17.97
07/29/2024,16.59
07/30/2024,16.64
07/31/2024,16.66
08/01/2024,16.2
08/02/2024,20.52
08/05/2024,23.39
08/06/2024,33.71
08/07/2024,24.77
08/08/2024,28.34
08/09/2024,23.78
08/12/2024,20.79
08/13/2024,20.06
08/14/2024,18.41
08/15/2024,16.27
08/16/2024,15.29
08/19/2024,15.94
08/20/2024,14.89
08/21/2024,16.25
08/22/2024,16.27
08/23/2024,17.12
08/26/2024,16.27
08/27/2024,16.21
08/28/2024,15.51
08/29/2024,16.54
08/30/2024,15.67
09/02/2024,15.87
09/03/2024,15.76
09/04/2024,23.2
09/05/2024,20.75
09/06/2024,21.98
09/09/2024,21.32
09/10/2024,19.86
09/11/2024,19.41
09/12/2024,17.62
09/13/2024,17.03
09/16/2024,17.16
09/17/2024,17.16
09/18/2024,17.58
09/19/2024,17.21
09/20/2024,16.35
09/23/2024,16.71
09/24/2024,15.87
09/25/2024,15.82
09/26/2024,15.06
09/27/2024,15.64
09/30/2024,17.01
10/01/2024,16.96
10/02/2024,19.65
10/03/2024,19.63
10/04/2024,20.48
10/07/2024,20.76
10/08/2024,22.92
10/09/2024,21.98
10/10/2024,20.91
10/11/2024,20.87
10/14/2024,20.86
10/15/2024,19.61
10/16/2024,20.77
10/17/2024,19.55
10/18/2024,19.3
10/21/2024,18.78
10/22/2024,18.79
10/23/2024,18.21
10/24/2024,18.87
10/25/2024,19.22
10/28/2024,19.11
10/29/2024,19.75
10/30/2024,19.33
10/31/2024,21.44
11/01/2024,22.96
11/04/2024,22.5